city,classification
ACORNHOEK,OUTLYING
ACTIVIA PARK,LOCAL
ACTONVILLE,LOCAL
ADAM,N/A
AEROPORT,LOCAL
Aeroport - Spartan,LOCAL
AERORAND,OUTLYING
ALABAMA,OUTLYING
ALAROMA,N/A
ALBERTON,LOCAL
ALBERTON NORTH,LOCAL
ALEXANDER TOWNSHIP,LOCAL
ALI MOTOR SPARES,N/A
ALIWAL NORTH,OUTLYING
ALONG MAIN NORTH 1,OUTLYING
ALRODE,LOCAL
ALTON,MAIN
AMALGAM,LOCAL
AMALINDA,MAIN
AMANDASIG,LOCAL
AMERSFORT,OUTLYING
AMSTERDAM,OUTLYING
ANDALUSIA PARK,LOCAL
Anderbolt,LOCAL
ANGOLA,N/A
ARCADIA,MAIN
ARMADALE,LOCAL
ASHBURNHAM,MAIN
ASHERVILLE,MAIN
ATTIE FOURIE 5,N/A
ATTRIDGEVILLE,LOCAL
BALFOUR,OUTLYING
BAOBAB MALL,LOCAL
BAPONG,OUTLYING
BARBEQUE DOWNS,LOCAL
BARBERTON,OUTLYING
Bardene,LOCAL
BARKLEY WEST,OUTLYING
BASHEWA,OUTLYING
BEACONSFIELD,MAIN
BEACONVALE,MAIN
BEAUFORT WEST,OUTLYING
BEAUMONT,LOCAL
BEDLO,N/A
BEITBRIDGE,OUTLYING
BEKKERSDAL,OUTLYING
BELA BELA,OUTLYING
BELFAST,OUTLYING
BELVILLE,MAIN
BENONI,LOCAL
BENONI AGRICULTUAL HOLDINGS,LOCAL
BEREA - TY,MAIN
BERGRIVIER,OUTLYING
BERGVILLE,OUTLYING
BETA BUILDING 3,N/A
BETHAL,OUTLYING
BETHELEHEM,OUTLYING
BETHLEHEM,OUTLYING
BEVERLY HILLS,LOCAL
BEYERS,LOCAL
BEZ VALLEY,LOCAL
BIABA,N/A
BIRCH ACRES,LOCAL
BLANK WATER ENGINE GARAGE,N/A
BLANTYRE,N/A
BLESKOP,OUTLYING
BLOEMFONTEIN,MAIN
BLOK T SOSHANGUVE,LOCAL
BLOUBOSRAND,LOCAL
BLUEHILLS,LOCAL
BOCHUM,OUTLYING
BOITEKONG,OUTLYING
BOITUMELO,OUTLYING
BOKSBERG,LOCAL
BOKSBUIRG,LOCAL
BOKSBURG,LOCAL
Boksburg - west,LOCAL
BOKSBURG NORTH,LOCAL
BOOYSENS,LOCAL
BOOYSENS RESERVE,LOCAL
Borokhoaneng,N/A
BOSHOEK,OUTLYING
Bosmont,LOCAL
BOSMONT GARAGE,LOCAL
BOSTON BUILDING,LOCAL
BOTALOATE WARD,N/A
BOTHAVILLE,OUTLYING
BOTLOKWA (MATOKS),REGIONAL
BOTSHABELO,OUTLYING
BOTSWANA,N/A
BOXER BUILDING,N/A
BRAAMFISCHERVILLE PHASE1,LOCAL
BRAAMFONTEIN,LOCAL
BRACKENDOWNS EXT 3,LOCAL
BRACKENFELL INDUSTRIAL,MAIN
BRACKENHURST,LOCAL
BRAKPAN,LOCAL
BRAKPAN CENTRAL,LOCAL
BRAMLEY,LOCAL
BRIARDENE,MAIN
BRITS,OUTLYING
BRIXTON,LOCAL
BRONKHORSPRUIT,OUTLYING
BRONKHORSTSPRUIT,OUTLYING
BRONKHORTSPRUIT,OUTLYING
BRONVILLE,OUTLYING
BRUMA,LOCAL
BUITESIG,MAIN
BULAWAYO,N/A
Burgersfort,OUTLYING
BURGUNDY ESTATE,MAIN
BUSHBUCKRIDGE,OUTLYING
Business Park,N/A
BUTHA BUTHA,N/A
BUTTERWORTH,OUTLYING
CALTEX GARAGE,N/A
CANNON HILL,MAIN
CAPE TOWN,MAIN
CAPRICORN PLAZA,OUTLYING
CARLETONVILLE,OUTLYING
CARLETONVILLE MALL,OUTLYING
CARLTONVILLE,OUTLYING
CAROLINA,OUTLYING
CBD EAST LONDON,MAIN
CENTRAL WESTERN,N/A
CENTURION,LOCAL
Chamdor,LOCAL
CHANENG,OUTLYING
CHATSWORTH,MAIN
CHATTY,N/A
CHIAWELO,LOCAL
CHLOORKOP,LOCAL
CITY WEST,LOCAL
CITYDEEP,LOCAL
CLAIRWOOD,MAIN
CLELAND,LOCAL
CLEVELAND,LOCAL
COLESBURG,REGIONAL
COMET,LOCAL
CONSTANTIA KLOOF,LOCAL
Constantia Park,LOCAL
CONTACT PATIENCE AND EMELDA,N/A
CORNER BAKER & HOPE STR,MAIN
COSMO CITY,LOCAL
COSMO CITY EXT4,LOCAL
CRAWFORD,N/A
CREATION PARK,MAIN
CRN ATTIE FOURIE & DF MALAN ST,N/A
CROFTDENE,MAIN
CROSBY,LOCAL
CROWN MINES,LOCAL
DANNHAUSER,OUTLYING
DAVEYTON,LOCAL
DAVIDSONVILLE,LOCAL
DAWNCREST,MAIN
DE BEERS,N/A
DE DEUR,OUTLYING
DEL JUDOR,OUTLYING
DELAREYVILLE,OUTLYING
DELJUDOR,OUTLYING
DELMAS,OUTLYING
DELVILLE,LOCAL
DENNILTON,OUTLYING
DENVER,LOCAL
Denver Ext 10,LOCAL
DENVER EXT 10,LOCAL
DEVLAND,LOCAL
DIEPKLOOF,LOCAL
Diepsloot,LOCAL
DIEPSLOOT WEST,LOCAL
DINOKANA,OUTLYING
DOBSONVILLE,LOCAL
DOBSONVILLE GARDENS,LOCAL
DONKERHOEK,OUTLYING
DOORNFONTEIN,LOCAL
DORANDIA,LOCAL
DRIEKOP,OUTLYING
DUBE,LOCAL
DUDUZA NIGEL,OUTLYING
DUMBE,REGIONAL
DUNCANVILLE,OUTLYING
DUNDEE,OUTLYING
DUNNOTTAR,OUTLYING
DUNSWART,LOCAL
DUNSWART STATION,LOCAL
DURBAN,MAIN
DZANANI,REGIONAL
DZANANI R523,REGIONAL
EAST END,OUTLYING
EAST LONDON,MAIN
EASTERN CAPE,N/A
Eastleigh,LOCAL
EDENVALE,LOCAL
EDLEEN,LOCAL
EIKENHOF,LOCAL
ELANDS PARK,LOCAL
ELANDSFONTEIN,LOCAL
ELANDSHAVEN,LOCAL
Elandsheuwel,OUTLYING
ELDORADO,LOCAL
ELDORADO PARK,LOCAL
ELECTRON,LOCAL
ELIM,OUTLYING
Elsburg,LOCAL
ELSIES RIVER,LOCAL
ELUKWATINI CROSSING -,OUTLYING
EMALAHLENI,OUTLYING
EMBALENHLE,OUTLYING
EMNDENI,LOCAL
EMPANGENI EXT 1,MAIN
EMPANGENI RAIL,MAIN
ENDWILINI,N/A
ENGINE GARAGE,N/A
ENNERDALE,OUTLYING
ERASMIA,LOCAL
ERASMUS,N/A
ERMELO,OUTLYING
ESHOWE,OUTLYING
ESTCOURT,OUTLYING
ESWATINI,N/A
ETHWATHWA,OUTLYING
ETWATWA,OUTLYING
EVANDER,OUTLYING
Evaton,OUTLYING
EVATON MALL,OUTLYING
Evaton Plaza,OUTLYING
EVATON WEST,OUTLYING
EVELEIGH,LOCAL
EXEL GARAGE OPPOSITE LEHAKOE,N/A
FAIRLANDS,LOCAL
FARADAY,LOCAL
FARMALL A.H,LOCAL
FERNDALE,LOCAL
FERNWOOD PARK,MAIN
FICKSBURG,OUTLYING
FLAMWOOD,OUTLYING
FLORIDA,LOCAL
FOCHVILLE,OUTLYING
FONTAINEBLEU,LOCAL
FORDSBURG,LOCAL
FORT BEAUFORT,OUTLYING
FOURWAY STOP,N/A
FOURWAYS,LOCAL
Francistown,N/A
FRANKFORT,OUTLYING
FREE STATE,N/A
FREEDOMWAY,OUTLYING
FREEMANSVILLE,OUTLYING
G- WEST INDUSTRIAL,N/A
GA GKAPANE,OUTLYING
GA MOKGWATHI,OUTLYING
GA RANKUWA,LOCAL
GABA VILLAGE,N/A
Gabarone,N/A
GABERONE,N/A
GABORONE,N/A
GABORONE WEST,N/A
GABORONE WEST INDUSTRIAL,N/A
GABRIEL,N/A
GA-NCHABELENG VILLAGE,OUTLYING
GA-NKWANA,OUTLYING
GA-PHASHA VILLAGE,OUTLYING
GARAGE,N/A
GARANKUWA,LOCAL
GA-RANKUWA,LOCAL
GARSFONTEIN RD,LOCAL
GAUTENG,N/A
GEDULD,LOCAL
GEORGE,MAIN
GERMISTON,LOCAL
GERMISTON SOUTH,LOCAL
GEZINA,LOCAL
GINNERY CORNER,N/A
GIYANI,OUTLYING
GLEN COWIE,OUTLYING
GLEN MARAIS,LOCAL
GLENANDA,LOCAL
GLENESK,LOCAL
GLENRIDGE EXT 16,LOCAL
GLENWOOD,MAIN
Golden Highway,LOCAL
Gqeberha,MAIN
GRANITESIDE,N/A
GRASKOP,OUTLYING
GRASSY PARK,MAIN
GRASY PARK,MAIN
GREEENWELL MATONGO,N/A
GREENFIELDS,LOCAL
GREENSIDE,LOCAL
Greenwell Motoongo,N/A
GROBLERSDAL,OUTLYING
GROSVENOR,LOCAL
HA MUTSHA THOHOYANDOU,OUTLYING
HA SESHOTE,N/A
HADDON,LOCAL
HADISON PARK,MAIN
HALFWAY HOUSE,LOCAL
HAMANSKRAAL,LOCAL
HAMMANSKRAAL,LOCAL
HARARE,N/A
HARDING,OUTLYING
HARRISMITH,OUTLYING
HARTEBEESFONTEIN,OUTLYING
HARTSWATER,OUTLYING
HAZELDEAN OFFICE PARK,LOCAL
HAZYVIEW,OUTLYING
HEBRON,OUTLYING
HEIDELBERG,OUTLYING
HEIDELBURG,OUTLYING
HEIDERAND,OUTLYING
HELDERKRUIN,LOCAL
HELLBRON,OUTLYING
HENDRINA,OUTLYING
HENNOPSPARK,LOCAL
HERBRON,OUTLYING
HERCULES,LOCAL
HERMANSTAD,LOCAL
HEUWELOORD,LOCAL
HIGHLANDS INN,N/A
HILL OF GOOD HOPE,N/A
HILLBROW,LOCAL
HILLCREST,MAIN
HILTON,MAIN
HOMELAKE,OUTLYING
HONEYDEW,LOCAL
Horizon,LOCAL
HUMANSDORP,OUTLYING
HURSTHILL,LOCAL
IDUTYWA,OUTLYING
IKAGENG,OUTLYING
INDUSTRIA,LOCAL
INDUSTRIA WEST,LOCAL
INDUSTRIAL ORKNEY,OUTLYING
INDUSTRIAL PARK,LOCAL
INDUSTRIES EAST,LOCAL
ISANDO,LOCAL
ISIPINGO,MAIN
ISIPINGO HILLS,MAIN
ISIPINGO RAIL,MAIN
IVORY PARK,LOCAL
IVORY PARK EXT 2,LOCAL
IXOPO,OUTLYING
JACKAROO,OUTLYING
JACOB NANNI PLACE,MAIN
JAN KEMPDORP,OUTLYING
JAN NIEMAND PARK,LOCAL
JANE FURSE,OUTLYING
JANEFURSE LIMPOPO,OUTLYING
Janefurst,OUTLYING
JANSEN PARK,LOCAL
Jeppes Town,LOCAL
Jeppestown,LOCAL
JET PARK,LOCAL
JETPARK,LOCAL
JHB,LOCAL
JOHANNESBURG,MAIN
JOHANNESBURG CITY,LOCAL
JOHANNESBURG SOUTH,LOCAL
JOZINI,OUTLYING
JWANENG,N/A
KAALFONTEIN,LOCAL
KAALFONTEIN EXT 4,LOCAL
KABOKWENI,OUTLYING
KAGISO,LOCAL
KAGISO 2,LOCAL
KAKAMAS,OUTLYING
KAMEELDRIFT EAST,LOCAL
KANANA,OUTLYING
Kanana - Orkney,OUTLYING
KANANA EXT 5,OUTLYING
KANYE,N/A
KATHU,OUTLYING
KATLEHONG,LOCAL
KATUTURA,N/A
Kelvin North,N/A
KELVIN NORTH / BULAWAYO,N/A
KEMPTON PARK,LOCAL
KENDAL FOREST,N/A
KENSINGTON B,LOCAL
KEW,LOCAL
KGAPANE,OUTLYING
KHOEBO MASERU,N/A
KHOMOSDAL,LOCAL
KIBLER PARK,LOCAL
KIMBERLEY,MAIN
KINGS WILLIAMS TOWN,OUTLYING
KIRKWOOD,OUTLYING
KLEETMANSHOOP,N/A
Klerk Industria,OUTLYING
KLERKINDUSTRIA,OUTLYING
KLERKSDOP,OUTLYING
KLERKSDORP,OUTLYING
KLERKSDORP 2570,OUTLYING
KLERKSDORP CENTRAL,OUTLYING
KLIPFONTEIN,OUTLYING
KLIPFONTEIN WITBANK,OUTLYING
KLIPFONTEIN VIEW,OUTLYING
KLIPOORTJIE,LOCAL
KLIPTOWN,LOCAL
KLOOFMALL,LOCAL
KNIGHTS,LOCAL
KOKSTAD,OUTLYING
KOMATIPOORT,OUTLYING
Korsten,MAIN
KOSTER,OUTLYING
KRAAIFONTEIN,MAIN
KRIEL,OUTLYING
KROONSTAD,OUTLYING
KRUGERSDORP,OUTLYING
Krugersdorp West,OUTLYING
KUILSRIVER,LOCAL
KURUMAN,OUTLYING
KWA GUQA,OUTLYING
KWA MASHU,OUTLYING
KWA MHLANGA,OUTLYING
KWA ZULU NATAL,N/A
KWAGGAFONTEIN,OUTLYING
KWA-THEMA,OUTLYING
KWA-THEMA SQUARE,OUTLYING
KWAZULU NATAL,N/A
KWAZUMA,OUTLYING
KYA SANDS,LOCAL
KZN,N/A
LA MONTAGNE,LOCAL
LA ROCHELLE,LOCAL
LAAIPLEK,OUTLYING
LABORE,LOCAL
LABORIA,N/A
LADANNA,OUTLYING
LADINE,MAIN
LADYBRAND,OUTLYING
LADYSMITH,OUTLYING
LAFRENZ,N/A
LAKEVIEW ESTATE,LOCAL
LANDSDOWNE,LOCAL
LANSDOWNE,LOCAL
LASER PARK,LOCAL
LAUDIUM,LOCAL
LAWLEY 2,OUTLYING
LEANDRA,OUTLYING
LEBOWAKGOMO,OUTLYING
LEDIG,OUTLYING
LEDIG 4 WAY STOP,OUTLYING
LEFISWANE,OUTLYING
LEKWADI SECTION 1,OUTLYING
LENASIA,LOCAL
Lenasia Ext 1,LOCAL
LENASIA SOUTH,LOCAL
LENASIA SOUTH EXT 1,LOCAL
LEONDALE,LOCAL
LEPHALALE,OUTLYING
LERIBE,N/A
LESOTHO,N/A
LETABA,OUTLYING
LETEBEJANE,OUTLYING
LETHLAKENG,N/A
LICHTENBURG,OUTLYING
LIEDERSFORT,N/A
LIHAWU,N/A
LIMEACRES,OUTLYING
LIMPOPO,N/A
LINBRO PARK,LOCAL
LITTLE FALLS,LOCAL
LITTLE FALLS EXT 2,LOCAL
LONLY PARK,LOCAL
LOUIS TRICHARDT,OUTLYING
LUCAS MANGOPE HIGHWAY,LOCAL
LUDLAWINI TRUST,N/A
LUIPAARDSVLEI,LOCAL
LUKA,OUTLYING
Luka Village,OUTLYING
LUKAS MANGOPE HIGHWAY,LOCAL
LYDENBURG,OUTLYING
LYNDHURST,LOCAL
LYNNVILLE,LOCAL
LYTTLETON,LOCAL
M21 RAMOGODI,LOCAL
MAAKE- OPPOSITE MAAKE PLAZA,OUTLYING
MAAKE PLAZA,OUTLYING
MAAKE PLAZA RITA,OUTLYING
MABESKRAAL,N/A
MABOLOKA,OUTLYING
MABOPANE,OUTLYING
MABOPANE CROSSING OPPOSITE,LOCAL
MAFETENG,OUTLYING
MAFIIKENG,OUTLYING
MAFIKENG,OUTLYING
MAGALIES ESTATES,LOCAL
MAGALIESPARK,OUTLYING
MAGNAVIA,N/A
Mahalapye,N/A
MAHIKENG,OUTLYING
MAHLAKUNG MALL,OUTLYING
MAHUSHU,OUTLYING
MAITLAND,MAIN
MAJOYE LOT 6,N/A
Majuteli Square,N/A
MAKAGAUNG VILLAGE,OUTLYING
MAKGATO STANDS,N/A
MAKHADO,OUTLYING
MAKHADO TOWNSHIP,OUTLYING
MAKHANDA,OUTLYING
MAKINTA HI,LOCAL
MALAITA,OUTLYING
MALAMULELE,OUTLYING
MALAWI,N/A
MALELANE,OUTLYING
Malvern,LOCAL
MALVERN EAST,LOCAL
MAMELODI EAST,LOCAL
Mamelodi West,LOCAL
Manniqburg,N/A
MANZINI,N/A
MAPUTO,N/A
Maputsoe,N/A
MARABASTAD,LOCAL
MARAIS STEYN PARK,LOCAL
MARBLE HALL,OUTLYING
MARBURG,MAIN
MARIAANNRIDGE,MAIN
MARIANHILL,MAIN
MARIKANA,OUTLYING
MARINA DA GAMA,N/A
MARITE TRUST,OUTLYING
MARLBORO,LOCAL
MARSHALLTOWN,LOCAL
Marula Park No. 8,LOCAL
MASAKANE,OUTLYING
MASAKENG,OUTLYING
MASERU,N/A
MASERU WEST,N/A
MASHAMUTHANE,OUTLYING
MASHISHIMALE,OUTLYING
MASIANOKENG,OUTLYING
MASIBEKELA,OUTLYING
MATHIVA FAMILY TRUST,N/A
MATOKS,OUTLYING
MATOLA CITY,N/A
MATSAPA TOWNSHIP,N/A
MATSAPHA,N/A
MAVELE VILLAGE,REGIONAL
MAYFAIR,LOCAL
MAYFIELD SQUARE,LOCAL
MAYIBUYE,N/A
Mayville,LOCAL
MBABABE,N/A
MBABANE,N/A
MBOMBELA,MAIN
MENLO PARK,LOCAL
MENLYN MOTOR CITY,LOCAL
MEYERTON,OUTLYING
MID ENNERDALE,OUTLYING
MIDDELBURG,OUTLYING
MIDRAND,LOCAL
MIDWAY,LOCAL
MIEDERPARK,OUTLYING
MILLENIUM PARK,N/A
MILUWANI,OUTLYING
MKHUZE,OUTLYING
MKHUZE PLAZA,OUTLYING
MKULHU,OUTLYING
Mmabatho,OUTLYING
MMAKAU,LOCAL
MNANDI,LOCAL
MOBOLOKA,OUTLYING
MOCHUDI,N/A
MODJADJI,OUTLYING
MODJADJI PLAZA,OUTLYING
MODJADJISKLOOF,OUTLYING
MOFFAT VIEW,LOCAL
MOGADITSHANE,N/A
MOGODITSHANE,N/A
MOGOGORN WARD,N/A
MOGOMALL MOGODITSHANE,N/A
MOHLAKENG,OUTLYING
MOKGETHI SECTION,LOCAL
MOKIBA SECTION,OUTLYING
MOKOPANE,OUTLYING
MOKWAKWALIA,OUTLYING
MOLEFE,LOCAL
Molepolole,N/A
MONDEOR VILLAGE,LOCAL
MONSTERLUS,OUTLYING
MONTANA,LOCAL
MONTGOMMERY PARK,LOCAL
Monuret Building,LOCAL
MOOI RIVER,OUTLYING
MOSEMANENG,OUTLYING
MOSSEL BAY,OUTLYING
MOTIMPOSO,N/A
MOUNT AYLIFF,OUTLYING
MOUNT FRERE,OUTLYING
MOUNTFRERE,OUTLYING
MOZAMBIQUE,N/A
MPHATLALATSANE,OUTLYING
MPUMALANGA,N/A
MSHADZA,OUTLYING
MT FRERE,OUTLYING
MTHATHA,OUTLYING
MTUBATUBA,OUTLYING
MULBARTON,LOCAL
MUSINA,OUTLYING
MUSINA ONE STOP MOTOR SPARES,OUTLYING
MUSSINA,OUTLYING
MUTILAVA CROSS,N/A
MWAMITARE,N/A
NALEDI,LOCAL
Namibia,N/A
NANCEFIELD,LOCAL
Nancefield - Industria,LOCAL
NAREN,N/A
NATURENA,LOCAL
NDUMO,REGIONAL
NEAR BAPONG TAXI RANK,OUTLYING
NEAR MACHINGENDODA HIGH,OUTLYING
Near Viva Filling Station,OUTLYING
NEBO,OUTLYING
NEDBANK BUILDING,N/A
NELLMAPIUS,LOCAL
NELLMAPIUS EXT 4,LOCAL
NELSPRUIT,MAIN
NEW DOORNFONTEIN,LOCAL
NEW GERMANY,MAIN
NEWCASTLE,MAIN
NEWCENTRE,LOCAL
NEWLANDS,MAIN
NEWTOWN,LOCAL
NEWTOWN MOLEPOLOLE,LOCAL
NEWTOWN PARK,LOCAL
NGONI SECTION,N/A
NHLAZATSHE NO 5,OUTLYING
NHLENGANO,N/A
NIETGEDACHT,LOCAL
NIGEL,OUTLYING
NIRVANA,MAIN
NKONA NKONA,OUTLYING
Nkowa Nkowa,OUTLYING
NKOYAPHIRI MALL,N/A
NO 40038 WILGEVAAL OPPOSITE,OUTLYING
NONGOMA,OUTLYING
NOORDEWYK,LOCAL
NOORDWYK,LOCAL
NORTH DOORFONTEIN,LOCAL
NORTH END,MAIN
NORTH END PORT ELIZABETH,MAIN
NORTH WEST,N/A
NORTHAM,OUTLYING
NORTHERN CAPE,N/A
Northern Industrial Area,N/A
NORTHERN INDUSTRY,N/A
Northern Rd,N/A
NORTHMEAD,LOCAL
NORTHMEAD EXT 4,LOCAL
NORTHRIDING,LOCAL
NORTHWEST,N/A
NORWOOD,LOCAL
NQUTU,OUTLYING
NYAMBA YANGA,N/A
NZHELELE,OUTLYING
OBERHOLZER,OUTLYING
OBSERVATORY,LOCAL
ODENDAALSRUS,OUTLYING
Odendalsrus,OUTLYING
ODINBURG,LOCAL
OLD FNB BUILDING,N/A
OLD INDUSTRIAL,N/A
OLD KOOKFONTEIN FARM,N/A
OLD NEDBANK BUILDING,N/A
OLD VILLAGE MALL,N/A
OLIEVENHOUTBOSCH,LOCAL
OLIFANTS PLAZA,LOCAL
OLIVENHOUTBUSH,LOCAL
ONDANGWA,N/A
ONVERWACHT,OUTLYING
OPHIRTON,LOCAL
OPP PETROL PUMP RAVASIA,N/A
OPPOSITE KULUNGISA GARAGE,N/A
OPPOSITE LEHAKOE,N/A
OPPOSITE MALAMULELE STADIUM,N/A
OPPOSITE RAMOTSHERE,N/A
ORANGE FARM,OUTLYING
ORANJESIG,MAIN
ORANJEVILLE,OUTLYING
ORKNEY,OUTLYING
Orlando West,LOCAL
ORMONDE,LOCAL
OSHAKATI,N/A
OSHIKANGO,N/A
OTTAWA,MAIN
OU DORP,OUTLYING
OUDTSHOORN,OUTLYING
PAARDEN EILAND,MAIN
PAARL,OUTLYING
PALEDI,N/A
PALM RIDGE,LOCAL
PALMRIDGE,LOCAL
PAMPIERSTAD,OUTLYING
PARK CENTRAL,N/A
PARROW VALLEY,MAIN
PARYS,OUTLYING
PAUL PIETERSBURG,OUTLYING
Pearl Habour Crt,N/A
PERDEKOP,OUTLYING
PETERMARITZBURG,MAIN
PETIT,LOCAL
PHALABORWA,OUTLYING
PHALABOWRA MOTOR SPARES,OUTLYING
PHILIPPI,MAIN
PHIRTO BUILDING,N/A
PHOENIX,MAIN
PHOENIX INDUSTRIAL PARK,MAIN
PHOKENG,OUTLYING
PHOKWANE,OUTLYING
Phumulani Mall,LOCAL
PHUTADITJHABA,OUTLYING
PHUTHADITJABA,OUTLYING
PHUTHADITJHABA,OUTLYING
Piet Retief,OUTLYING
PIETERMARITZBURG,MAIN
PIGGS PEAK,N/A
PINETOWN,MAIN
PLANKENBRUG,N/A
PLOT 104 BOSHOEK,OUTLYING
PLOT 113 MOOIPLAATS,OUTLYING
POLOKWANE,MAIN
POMEROY,OUTLYING
POMONA,LOCAL
PONGOLA,OUTLYING
PORT ELIZABETH,MAIN
PORT SHEPTONE,MAIN
PORT ST JOHNS,OUTLYING
PORTLAND,N/A
POSTMASBURG,OUTLYING
POSTMUSBURG,OUTLYING
POTCH INDUSTRIA,OUTLYING
POTCHEFSTROOM,OUTLYING
Potchestroom,OUTLYING
PRETORIA,LOCAL
Pretoria - West,LOCAL
Pretoria Gardens,LOCAL
PRETORIA NORTH,LOCAL
PRETORIA WEST,LOCAL
PRIMROSE,LOCAL
PROSPERITA,N/A
PROTEA GLEN,LOCAL
PROTEA GLEN EXT 12,LOCAL
PROTEA NORTH,LOCAL
PUMULANI,LOCAL
QUAGGA,LOCAL
QUEENSMEAD,LOCAL
QUEENSTOWN,OUTLYING
QWA QWA,OUTLYING
R29 LESLIE,OUTLYING
RAINEY BUILDING,N/A
RAISETHORP,MAIN
RAMOTSE,OUTLYING
RANDBURG,LOCAL
RANDBURG RIDGE EXT 14,LOCAL
RANDFONTEIN,OUTLYING
RANDGATE,OUTLYING
RASLOUW GARDENS ESTATE,LOCAL
RATANDA,OUTLYING
RAVENSWOOD,LOCAL
REGENTS PARK,LOCAL
REIGER PARK,LOCAL
REITZ,OUTLYING
REUVEN,LOCAL
RICHARDS BAY,MAIN
RIETFONTEIN,LOCAL
RITA OPPOSITE MAAKE PLAZA,OUTLYING
RIVER RAND,N/A
RIVERSDALE,OUTLYING
RIVERSIDE,N/A
RIVERSIDE INDUSTRIAL PARK,MAIN
RIVONIA,LOCAL
ROBERT,LOCAL
ROBERTSHAM,LOCAL
ROCKVILLE,LOCAL
RONDEBULT,LOCAL
ROODEPOORT,LOCAL
ROODEPOORT STATION,LOCAL
ROSEBANK,LOCAL
ROSETTENVILLE,LOCAL
ROSSBURGH,MAIN
ROSSETTENVILLE,LOCAL
ROSSLYN,LOCAL
ROXANA HEIGHTS,LOCAL
RUSLOO,LOCAL
RUSTENBURG,OUTLYING
RUSTENBURG NOORD,OUTLYING
RUSTENBURG NORTH,OUTLYING
RUSTENBURG NW,OUTLYING
Rustenburg,OUTLYING
RYNFIELD,LOCAL
RYNSOORD,LOCAL
SABIE,OUTLYING
SABINA PLAZA,OUTLYING
SAKHILE,OUTLYING
SANDTON,LOCAL
SANDTON COURT,LOCAL
SANGWENI,LOCAL
SASOLBURG,OUTLYING
SAULSVILLE,LOCAL
SCHOEMANDSAL,OUTLYING
SCHOEMANSDAL,OUTLYING
SCHWEIZER RENEKE,OUTLYING
SEBENZA,LOCAL
SEBOKENG,OUTLYING
SECUNDA,OUTLYING
SEFOSONKE VILLAGE,REGIONAL
SELBY,LOCAL
Selebi Phikwe,N/A
SENWABARWANA,REGIONAL
SETLAGOLE VILLAGE,REGIONAL
SHALIMAR PARK,OUTLYING
Shallcross,MAIN
SHONGOANE 2,OUTLYING
SIBASA,OUTLYING
SIBASA MALL,OUTLYING
SIDWELL,MAIN
SILINDA BUILDING,N/A
SILOAM,OUTLYING
SILVERGLEN,MAIN
SILVERTAN DALE,LOCAL
SILVERTON,LOCAL
SINOVILLE,LOCAL
SIPHOFANENI,N/A
SIPTECH FUEL PUMP,N/A
SKHEMELEL,OUTLYING
SKHEMELELE,OUTLYING
SOSHANGUVE,OUTLYING
SOSHANGUVE SOUTH,LOCAL
SOSHANGUWE,LOCAL
SOSHANGUWE A,LOCAL
SOSHENGUVE SOUTH,LOCAL
SOUTHDALE,LOCAL
SOUTHGATE,LOCAL
SOWETO,LOCAL
SPARTAN,LOCAL
SPARTON,LOCAL
SPITSKOP PLOTTE,LOCAL
SPRINGBOK,REGIONAL
SPRINGFIELD,MAIN
SPRINGFIELD PARK,MAIN
SPRINGS,LOCAL
ST HELENA BAY,OUTLYING
Stafford - Turfontein,LOCAL
STANDERTON,OUTLYING
STANFIELD HILL,OUTLYING
STANGER,OUTLYING
STARFORD,N/A
STEELPOORT,OUTLYING
STELLENBOSCH,OUTLYING
STEVE BIKO VILLAGE,OUTLYING
STIKLAND INDUSTRIAL,MAIN
STILFONTEIN,OUTLYING
STINKWATER,OUTLYING
STOFFBERG,OUTLYING
STORMHILL,LOCAL
STRUANWAY STRUANDALE,LOCAL
STRUBENVALE,LOCAL
Strydom Park,LOCAL
SUNDERLAND RIDGE,LOCAL
SUNFORD,MAIN
SUNNINGHILL,LOCAL
SUNNY MOTOR SPARES,OUTLYING
SUPERBIA,MAIN
SWARTRUGGENS,OUTLYING
SYDENHAM,LOCAL
TAFELKOP,OUTLYING
TAUNG,OUTLYING
TEFALKOP MALL,OUTLYING
Tembisa,LOCAL
THABA NCHU,OUTLYING
THABA ZIMBI,OUTLYING
THE JUNCTION,LOCAL
THEMBA CHURCH,OUTLYING
THEMBALETH,N/A
THENGWE,OUTLYING
THERESA PARK,LOCAL
THLABANE,OUTLYING
THOHOYANDOU,OUTLYING
THOKOZA,LOCAL
THREE RIVERS,OUTLYING
TICKEYLINE,N/A
TLAGADI BUILDING,N/A
Tlhabane,OUTLYING
TOEKOMSRUS,OUTLYING
TOWNHILL,N/A
TRICHARDT,OUTLYING
TRICHARDTSDAL,OUTLYING
TROYEVILLE,LOCAL
TSAKANE,LOCAL
TSAKANE MALL,LOCAL
TSAKANI,LOCAL
TSHELOPELE,LOCAL
TSHEPISONG,LOCAL
TSHIAWELO EXT 2,LOCAL
TSHIKOMBANI VILLAGE,LOCAL
TSHONGWENI SECTION,LOCAL
TSOLO,OUTLYING
TSUMEB,N/A
TURFFONTEIN,LOCAL
TURFONTEIN,LOCAL
TYGERBERG BUSINESS PARK,MAIN
TZANEEN,OUTLYING
TZANEEN CROSSING,OUTLYING
Tzaneen Opposite NTK,OUTLYING
UITSPANNING 38JS,OUTLYING
ULUNDI,OUTLYING
UMTATA,OUTLYING
UMZIMKULU,OUTLYING
UMZINTO,OUTLYING
UNAVILLE AH,OUTLYING
UNION SQUARE,LOCAL
UPINGTON,OUTLYING
UPPINGTON,OUTLYING
UPTOWN,LOCAL
URANIAVILLE,OUTLYING
VALHALLA,LOCAL
VAN DER BIJL PARK,OUTLYING
Vanderbidjil Park,OUTLYING
VANDERBIJL,OUTLYING
VANDERBIJLPARK,OUTLYING
VEIGEIEGEN,N/A
VENDA,OUTLYING
VENTERSDORP,OUTLYING
VERDOOREN NO 24,N/A
VEREENIGING,OUTLYING
VERENA,OUTLYING
VERGEKEGENG MACHIPISANI,N/A
VERGELEGENG,OUTLYING
VERULAM,MAIN
VILJOENSKROON,OUTLYING
VILLAGE DEEP,LOCAL
VILLAGE MAIN,LOCAL
VIRGINIA,OUTLYING
VLAKFONTEIN,OUTLYING
VLAKFONTEN PROPAR,OUTLYING
VLEEISBOOM,OUTLYING
VOLKRUST,OUTLYING
VOLKSRUS,OUTLYING
VOLKSRUST,OUTLYING
VOORBAAI,OUTLYING
VOORSPOED EAST,OUTLYING
Vosloorus,LOCAL
VRYBURG,OUTLYING
VRYHEID,OUTLYING
VUWANI,OUTLYING
VUWANI LI,OUTLYING
Wadeville,LOCAL
WADEVILLE BUSINESS UNIT,LOCAL
WALVIS BAY,N/A
Waterval,OUTLYING
WAVERLEY,LOCAL
Welkom,OUTLYING
WELLINGTON,OUTLYING
WELTERVREDEN PARK,LOCAL
WELTEVREDEN PARK,LOCAL
WEST INDUSTRIAL,LOCAL
WEST TURFFONTIEN,LOCAL
WESTCLIFF,LOCAL
WESTCLIFFE,LOCAL
WESTDENE,LOCAL
WESTERLOOR,OUTLYING
WESTMEAD,MAIN
Westonarea,OUTLYING
WESTONARIA,OUTLYING
WESTVILLE NORTH,LOCAL
WESTWOOD MALL,MAIN
WHETSTONE,MAIN
WHITE RIVER,MAIN
WHITTLESEA,OUTLYING
WIERDA PARK,LOCAL
WIERDAPARK,LOCAL
WILTBANK,OUTLYING
WINDHOEK,N/A
WINDHOEK NAMIBIA,N/A
WINTERVELD,OUTLYING
WINTERVELDT,OUTLYING
WITBANK,OUTLYING
Witfield,LOCAL
WITPOORTJIE 117-1R,LOCAL
WOLMARANSTAAD,OUTLYING
WONDERBOOM,LOCAL
WYNBERG,LOCAL
WYNBURG,LOCAL
XAVIER JUNCTION,LOCAL
XITACI,N/A
XUBENI SEC,LOCAL
YEOVILLE,LOCAL
ZEERUST,OUTLYING
ZESFONTEIN,LOCAL
ZIMBABWE,N/A
ZINNIAVILLE,OUTLYING
Zinniaville - Rustenburg,OUTLYING
ZUURFONTEIN PLOT 39,LOCAL
ZVISHAVANE,N/A
ZWARTKOPS,LOCAL
