element,weight_band,price
1,1 to < 5,34.43
1,5 to < 10,34.43
1,10 to < 15,34.43
1,15 to < 20,34.43
1,20 to < 25,52.88
1,25 to < 30,54.08
1,30 to < 35,55.86
1,35 to < 40,57.05
1,40 to < 45,59.42
1,45 to < 50,60.62
1,50 to < 60,65.96
1,60 to < 70,68.94
1,70 to < 80,71.9
1,80 to < 90,75.47
1,90 to < 100,78.44
1,100 to < 150,102.8
1,150 to < 200,142.02
1,200 to < 250,181.84
1,250 to < 300,221.65
1,300 to < 350,262.06
2,1 to < 5,34.43
2,5 to < 10,34.43
2,10 to < 15,34.43
2,15 to < 20,34.43
2,20 to < 25,80.1
2,25 to < 30,84.42
2,30 to < 35,88.76
2,35 to < 40,93.8
2,40 to < 45,98.14
2,45 to < 50,103.18
2,50 to < 60,108.96
2,60 to < 70,113.29
2,70 to < 80,118.33
2,80 to < 90,123.38
2,90 to < 100,128.44
2,100 to < 150,206.37
2,150 to < 200,286.46
2,200 to < 250,367.28
2,250 to < 300,448.82
2,300 to < 350,528.91
3,1 to < 5,34.43
3,5 to < 10,34.43
3,10 to < 15,34.43
3,15 to < 20,34.43
3,20 to < 25,129.16
3,25 to < 30,144.32
3,30 to < 35,158.74
3,35 to < 40,174.61
3,40 to < 45,199.16
3,45 to < 50,216.47
3,50 to < 60,245.34
3,60 to < 70,278.53
3,70 to < 80,311
3,80 to < 90,345.63
3,90 to < 100,378.83
3,100 to < 150,488.5
3,150 to < 200,702.09
3,200 to < 250,771.35
3,250 to < 300,1100.4
3,300 to < 350,1129.26
4,1 to < 5,34.43
4,5 to < 10,34.43
4,10 to < 15,34.43
4,15 to < 20,34.43
4,20 to < 25,60.44
4,25 to < 30,61.8
4,30 to < 35,63.83
4,35 to < 40,65.2
4,40 to < 45,67.91
4,45 to < 50,69.27
4,50 to < 60,75.38
4,60 to < 70,78.77
4,70 to < 80,82.17
4,80 to < 90,86.24
4,90 to < 100,89.65
4,100 to < 150,117.49
4,150 to < 200,162.31
4,200 to < 250,207.82
4,250 to < 300,253.32
4,300 to < 350,299.5
5,1 to < 5,34.43
5,5 to < 10,34.43
5,10 to < 15,34.43
5,15 to < 20,34.43
5,20 to < 25,64.94
5,25 to < 30,67.1
5,30 to < 35,68.55
5,35 to < 40,70
5,40 to < 45,72.88
5,45 to < 50,75.04
5,50 to < 60,80.81
5,60 to < 70,84.42
5,70 to < 80,88.76
5,80 to < 90,92.36
5,90 to < 100,95.97
5,100 to < 150,141.43
5,150 to < 200,196.99
5,200 to < 250,252.55
5,250 to < 300,307.39
5,300 to < 350,362.96
6,1 to < 5,34.43
6,5 to < 10,34.43
6,10 to < 15,34.43
6,15 to < 20,34.43
6,20 to < 25,77.26
6,25 to < 30,80.65
6,30 to < 35,82.34
6,35 to < 40,84.89
6,40 to < 45,86.59
6,45 to < 50,89.14
6,50 to < 60,95.93
6,60 to < 70,101.02
6,70 to < 80,105.26
6,80 to < 90,109.51
6,90 to < 100,114.6
6,100 to < 150,188.45
6,150 to < 200,260.62
6,200 to < 250,333.62
6,250 to < 300,408.33
6,300 to < 350,480.49
7,1 to < 5,34.43
7,5 to < 10,34.43
7,10 to < 15,34.43
7,15 to < 20,34.43
7,20 to < 25,82.34
7,25 to < 30,85.75
7,30 to < 35,89.99
7,35 to < 40,93.38
7,40 to < 45,95.07
7,45 to < 50,98.48
7,50 to < 60,105.26
7,60 to < 70,108.66
7,70 to < 80,112.91
7,80 to < 90,118
7,90 to < 100,123.1
7,100 to < 150,210.53
7,150 to < 200,291.17
7,200 to < 250,374.37
7,250 to < 300,458.41
7,300 to < 350,539.91
8,1 to < 5,34.43
8,5 to < 10,34.43
8,10 to < 15,34.43
8,15 to < 20,34.43
8,20 to < 25,94.24
8,25 to < 30,99.32
8,30 to < 35,104.41
8,35 to < 40,110.36
8,40 to < 45,115.46
8,45 to < 50,121.39
8,50 to < 60,128.19
8,60 to < 70,133.27
8,70 to < 80,139.22
8,80 to < 90,145.16
8,90 to < 100,151.11
8,100 to < 150,242.8
8,150 to < 200,337.01
8,200 to < 250,432.09
8,250 to < 300,528.01
8,300 to < 350,622.25
9,1 to < 5,34.43
9,5 to < 10,34.43
9,10 to < 15,34.43
9,15 to < 20,34.43
9,20 to < 25,108.66
9,25 to < 30,118
9,30 to < 35,127.34
9,35 to < 40,135.82
9,40 to < 45,141.77
9,45 to < 50,147.71
9,50 to < 60,160.44
9,60 to < 70,171.47
9,70 to < 80,183.37
9,80 to < 90,193.55
9,90 to < 100,205.44
9,100 to < 150,290.32
9,150 to < 200,404.09
9,200 to < 250,518.69
9,250 to < 300,634.13
9,300 to < 350,747.88
10,1 to < 5,34.43
10,5 to < 10,34.43
10,10 to < 15,34.43
10,15 to < 20,34.43
10,20 to < 25,128.19
10,25 to < 30,141.77
10,30 to < 35,155.35
10,35 to < 40,167.24
10,40 to < 45,179.12
10,45 to < 50,190.16
10,50 to < 60,203.74
10,60 to < 70,214.78
10,70 to < 80,225.81
10,80 to < 90,242.8
10,90 to < 100,264.01
10,100 to < 150,366.73
10,150 to < 200,508.49
10,200 to < 250,653.66
10,250 to < 300,797.12
10,300 to < 350,942.28
11,1 to < 5,71.3
11,5 to < 10,89.14
11,10 to < 15,105.26
11,15 to < 20,129.04
11,20 to < 25,146.86
11,25 to < 30,162.99
11,30 to < 35,180.82
11,35 to < 40,198.64
11,40 to < 45,213.08
11,45 to < 50,225.81
11,50 to < 60,241.09
11,60 to < 70,271.65
11,70 to < 80,302.21
11,80 to < 90,332.77
11,90 to < 100,363.33
11,100 to < 150,494.92
11,150 to < 200,679.13
11,200 to < 250,872.68
11,250 to < 300,1066.23
11,300 to < 350,1259.77
12,1 to < 5,71.55
12,5 to < 10,89.85
12,10 to < 15,106.49
12,15 to < 20,130.61
12,20 to < 25,148.92
12,25 to < 30,166.39
12,30 to < 35,183.02
12,35 to < 40,201.32
12,40 to < 45,229.62
12,45 to < 50,249.58
12,50 to < 60,282.85
12,60 to < 70,321.13
12,70 to < 80,358.57
12,80 to < 90,398.49
12,90 to < 100,436.77
12,100 to < 150,563.21
12,150 to < 200,809.47
12,200 to < 250,889.33
12,250 to < 300,1268.7
12,300 to < 350,1301.97
13,1 to < 5,65.66
13,5 to < 10,80.1
13,10 to < 15,95.97
13,15 to < 20,116.9
13,20 to < 25,132.77
13,25 to < 30,147.92
13,30 to < 35,163.79
13,35 to < 40,178.96
13,40 to < 45,201.32
13,45 to < 50,217.91
13,50 to < 60,246.78
13,60 to < 70,280.69
13,70 to < 80,313.88
13,80 to < 90,347.08
13,90 to < 100,382.43
13,100 to < 150,492.84
13,150 to < 200,726.62
13,200 to < 250,805.99
13,250 to < 300,1129.99
13,300 to < 350,1151.63
14,1 to < 5,74.16
14,5 to < 10,88.06
14,10 to < 15,106.61
14,15 to < 20,129.78
14,20 to < 25,146
14,25 to < 30,163.01
14,30 to < 35,180.76
14,35 to < 40,197.77
14,40 to < 45,224.02
14,45 to < 50,242.57
14,50 to < 60,273.47
14,60 to < 70,311.32
14,70 to < 80,348.4
14,80 to < 90,383.93
14,90 to < 100,426.42
14,100 to < 150,531.49
14,150 to < 200,794.9
14,200 to < 250,967.95
14,250 to < 300,1241.42
14,300 to < 350,1294.72
15,1 to < 5,74.7
15,5 to < 10,90.39
15,10 to < 15,107.57
15,15 to < 20,132.98
15,20 to < 25,150.89
15,25 to < 30,169.58
15,30 to < 35,188.26
15,35 to < 40,205.44
15,40 to < 45,224.86
15,45 to < 50,242.04
15,50 to < 60,274.16
15,60 to < 70,310.01
15,70 to < 80,347.37
15,80 to < 90,383.98
15,90 to < 100,427.3
15,100 to < 150,554.3
15,150 to < 200,785.14
15,200 to < 250,990.57
15,250 to < 300,1231.12
15,300 to < 350,1428.34
16,1 to < 5,75.92
16,5 to < 10,93.45
16,10 to < 15,110.24
16,15 to < 20,135.07
16,20 to < 25,154.78
16,25 to < 30,174.47
16,30 to < 35,192.74
16,35 to < 40,213.17
16,40 to < 45,237.27
16,45 to < 50,255.52
16,50 to < 60,292.02
16,60 to < 70,329.99
16,70 to < 80,370.14
16,80 to < 90,408.83
16,90 to < 100,454.09
16,100 to < 150,589.89
16,150 to < 200,827.89
16,200 to < 250,1062.98
16,250 to < 300,1298.05
16,300 to < 350,1533.12
17,1 to < 5,80.1
17,5 to < 10,98.14
17,10 to < 15,115.46
17,15 to < 20,139.98
17,20 to < 25,160.91
17,25 to < 30,182.56
17,30 to < 35,202.04
17,35 to < 40,222.97
17,40 to < 45,247.5
17,45 to < 50,269.87
17,50 to < 60,306.67
17,60 to < 70,347.8
17,70 to < 80,391.81
17,80 to < 90,434.38
17,90 to < 100,479.84
17,100 to < 150,603.23
17,150 to < 200,867.32
17,200 to < 250,1113.38
17,250 to < 300,1316.87
17,300 to < 350,1558.6
18,1 to < 5,91.28
18,5 to < 10,101.98
18,10 to < 15,119.8
18,15 to < 20,144.04
18,20 to < 25,164.72
18,25 to < 30,184.69
18,30 to < 35,203.95
18,35 to < 40,224.61
18,40 to < 45,251.72
18,45 to < 50,281.66
18,50 to < 60,310.9
18,60 to < 70,353.69
18,70 to < 80,395.04
18,80 to < 90,440.69
18,90 to < 100,487.03
18,100 to < 150,616.1
18,150 to < 200,875.66
18,200 to < 250,1134.51
18,250 to < 300,1331.32
18,300 to < 350,1582.33
19,1 to < 5,94.41
19,5 to < 10,105.69
19,10 to < 15,124.71
19,15 to < 20,150.08
19,20 to < 25,169.8
19,25 to < 30,186.01
19,30 to < 35,205.04
19,35 to < 40,225.47
19,40 to < 45,255.06
19,45 to < 50,286.77
19,50 to < 60,314.95
19,60 to < 70,358.63
19,70 to < 80,400.92
19,80 to < 90,446.01
19,90 to < 100,495.33
19,100 to < 150,629.91
19,150 to < 200,884.27
19,200 to < 250,1154.83
19,250 to < 300,1347.17
19,300 to < 350,1607.18
20,1 to < 5,98.65
20,5 to < 10,112.73
20,10 to < 15,131.06
20,15 to < 20,157.82
20,20 to < 25,178.27
20,25 to < 30,194.47
20,30 to < 35,214.9
20,35 to < 40,232.52
20,40 to < 45,261.41
20,45 to < 50,295.23
20,50 to < 60,324.11
20,60 to < 70,369.2
20,70 to < 80,410.77
20,80 to < 90,457.99
20,90 to < 100,508.72
20,100 to < 150,651.04
20,150 to < 200,903.99
20,200 to < 250,1189.35
20,250 to < 300,1381
20,300 to < 350,1652.27
21,1 to < 5,106.39
21,5 to < 10,123.31
21,10 to < 15,142.33
21,15 to < 20,173.33
21,20 to < 25,191.65
21,25 to < 30,212.09
21,30 to < 35,231.8
21,35 to < 40,249.42
21,40 to < 45,269.15
21,45 to < 50,305.79
21,50 to < 60,333.98
21,60 to < 70,380.48
21,70 to < 80,421.34
21,80 to < 90,472.08
21,90 to < 100,524.22
21,100 to < 150,674.3
21,150 to < 200,922.31
21,200 to < 250,1225.28
21,250 to < 300,1414.82
21,300 to < 350,1697.36
22,1 to < 5,112.73
22,5 to < 10,131.06
22,10 to < 15,154.3
22,15 to < 20,192.35
22,20 to < 25,207.15
22,25 to < 30,231.11
22,30 to < 35,251.54
22,35 to < 40,271.28
22,40 to < 45,275.5
22,45 to < 50,317.77
22,50 to < 60,343.13
22,60 to < 70,390.34
22,70 to < 80,433.33
22,80 to < 90,485.46
22,90 to < 100,539.72
22,100 to < 150,698.26
22,150 to < 200,944.15
22,200 to < 250,1262.63
22,250 to < 300,1450.06
22,300 to < 350,1744.57
23,1 to < 5,120.48
23,5 to < 10,140.21
23,10 to < 15,162.76
23,15 to < 20,205.04
23,20 to < 25,224.06
23,25 to < 30,248.02
23,30 to < 35,270.55
23,35 to < 40,288.88
23,40 to < 45,308.62
23,45 to < 50,331.16
23,50 to < 60,354.41
23,60 to < 70,403.02
23,70 to < 80,445.31
23,80 to < 90,499.56
23,90 to < 100,555.92
23,100 to < 150,723.62
23,150 to < 200,964.59
23,200 to < 250,1299.28
23,250 to < 300,1487.39
23,300 to < 350,1792.48
24,1 to < 5,131.06
24,5 to < 10,152.2
24,10 to < 15,176.15
24,15 to < 20,209.27
24,20 to < 25,229.7
24,25 to < 30,250.84
24,30 to < 35,274.79
24,35 to < 40,298.04
24,40 to < 45,330.44
24,45 to < 50,349.48
24,50 to < 60,378.37
24,60 to < 70,417.12
24,70 to < 80,455.88
24,80 to < 90,515.76
24,90 to < 100,574.24
24,100 to < 150,751.8
24,150 to < 200,1014.62
24,200 to < 250,1338.73
24,250 to < 300,1590.97
24,300 to < 350,1879.15
25,1 to < 5,147.26
25,5 to < 10,169.8
25,10 to < 15,180.38
25,15 to < 20,213.49
25,20 to < 25,238.86
25,25 to < 30,260.71
25,30 to < 35,279.73
25,35 to < 40,310.73
25,40 to < 45,341.02
25,45 to < 50,364.99
25,50 to < 60,402.32
25,60 to < 70,441.77
25,70 to < 80,486.88
25,80 to < 90,535.48
25,90 to < 100,593.98
25,100 to < 150,779.99
25,150 to < 200,1083.67
25,200 to < 250,1392.98
25,250 to < 300,1700.88
25,300 to < 350,2008.79
26,1 to < 5,154.3
26,5 to < 10,181.78
26,10 to < 15,190.24
26,15 to < 20,224.77
26,20 to < 25,249.42
26,25 to < 30,276.91
26,30 to < 35,301.57
26,35 to < 40,335.38
26,40 to < 45,343.13
26,45 to < 50,374.14
26,50 to < 60,418.52
26,60 to < 70,465.74
26,70 to < 80,517.16
26,80 to < 90,570.72
26,90 to < 100,631.31
26,100 to < 150,814.51
26,150 to < 200,1141.44
26,200 to < 250,1466.95
26,250 to < 300,1791.07
26,300 to < 350,2115.19
27,1 to < 5,181.78
27,5 to < 10,188.13
27,10 to < 15,202.22
27,15 to < 20,236.04
27,20 to < 25,260.71
27,25 to < 30,291.7
27,30 to < 35,319.88
27,35 to < 40,351.6
27,40 to < 45,375.55
27,45 to < 50,393.86
27,50 to < 60,437.56
27,60 to < 70,486.88
27,70 to < 80,538.3
27,80 to < 90,598.91
27,90 to < 100,662.32
27,100 to < 150,861.71
27,150 to < 200,1196.4
27,200 to < 250,1536.72
27,250 to < 300,1877.03
27,300 to < 350,2216.66
28,1 to < 5,229.21
28,5 to < 10,245.33
28,10 to < 15,255.52
28,15 to < 20,297.12
28,20 to < 25,330.22
28,25 to < 30,360.78
28,30 to < 35,401.53
28,35 to < 40,437.18
28,40 to < 45,474.53
28,45 to < 50,504.25
28,50 to < 60,553.49
28,60 to < 70,616.31
28,70 to < 80,677.43
28,80 to < 90,763.17
28,90 to < 100,848.06
28,100 to < 150,1114.61
28,150 to < 200,1547.56
28,200 to < 250,1987.3
28,250 to < 300,2427.88
28,300 to < 350,2868.46
29,1 to < 5,232.6
29,5 to < 10,260.62
29,10 to < 15,270.8
29,15 to < 20,311.54
29,20 to < 25,344.66
29,25 to < 30,376.07
29,30 to < 35,411.72
29,35 to < 40,445.67
29,40 to < 45,487.27
29,45 to < 50,526.33
29,50 to < 60,573.01
29,60 to < 70,638.38
29,70 to < 80,698.65
29,80 to < 90,783.54
29,90 to < 100,871.82
29,100 to < 150,1146.02
29,150 to < 200,1599.34
29,200 to < 250,2053.51
29,250 to < 300,2508.52
29,300 to < 350,2963.54
30,1 to < 5,241.09
30,5 to < 10,264.01
30,10 to < 15,290.32
30,15 to < 20,328.52
30,20 to < 25,349.75
30,25 to < 30,384.55
30,30 to < 35,418.51
30,35 to < 40,456.71
30,40 to < 45,499.16
30,45 to < 50,533.12
30,50 to < 60,586.6
30,60 to < 70,652.81
30,70 to < 80,712.24
30,80 to < 90,787.79
30,90 to < 100,876.07
30,100 to < 150,1160.45
30,150 to < 200,1621.41
30,200 to < 250,2083.22
30,250 to < 300,2543.32
30,300 to < 350,3005.98
1,1 to < 5,43.33
1,5 to < 10,47.76
1,10 to < 15,48.74
1,15 to < 20,49.23
1,20 to < 25,49.73
1,25 to < 30,57.61
1,30 to < 35,62.53
1,35 to < 40,68.44
1,40 to < 45,74.84
1,45 to < 50,80.75
1,50 to < 60,108.32
1,60 to < 70,148.69
1,70 to < 80,189.07
1,80 to < 90,228.95
1,90 to < 100,269.82
1,100 to < 150,1.54
2,1 to < 5,74.21
2,5 to < 10,82.9
2,10 to < 15,84.47
2,15 to < 20,86.84
2,20 to < 25,88.43
2,25 to < 30,104.21
2,30 to < 35,119.21
2,35 to < 40,140.53
2,40 to < 45,159.47
2,45 to < 50,180.79
2,50 to < 60,294.48
2,60 to < 70,405.01
2,70 to < 80,517.11
2,80 to < 90,630.02
2,90 to < 100,741.32
2,100 to < 150,4.23
3,1 to < 5,78.95
3,5 to < 10,95.53
3,10 to < 15,104.21
3,15 to < 20,112.9
3,20 to < 25,120.79
3,25 to < 30,176.25
3,30 to < 35,352.59
3,35 to < 40,528.93
3,40 to < 45,705.28
3,45 to < 50,881.62
3,50 to < 60,1322.47
3,60 to < 70,1763.32
3,70 to < 80,2204.18
3,80 to < 90,2645.03
3,90 to < 100,3085.88
3,100 to < 150,11.02
4,1 to < 5,50.8
4,5 to < 10,55.99
4,10 to < 15,57.15
4,15 to < 20,57.73
4,20 to < 25,58.3
4,25 to < 30,67.54
4,30 to < 35,73.31
4,35 to < 40,80.23
4,40 to < 45,87.74
4,45 to < 50,94.67
4,50 to < 60,127
4,60 to < 70,174.33
4,70 to < 80,221.66
4,80 to < 90,268.42
4,90 to < 100,316.34
4,100 to < 150,1.79
5,1 to < 5,67.99
5,5 to < 10,75.64
5,10 to < 15,76.4
5,15 to < 20,77.17
5,20 to < 25,77.93
5,25 to < 30,90.15
5,30 to < 35,97.79
5,35 to < 40,106.96
5,40 to < 45,116.9
5,45 to < 50,126.83
5,50 to < 60,191.77
5,60 to < 70,262.06
5,70 to < 80,333.88
5,80 to < 90,405.7
5,90 to < 100,477.51
5,100 to < 150,2.72
6,1 to < 5,79.57
6,5 to < 10,87.43
6,10 to < 15,88.32
6,15 to < 20,90.93
6,20 to < 25,91.81
6,25 to < 30,104.04
6,30 to < 35,113.67
6,35 to < 40,125.03
6,40 to < 45,136.41
6,45 to < 50,147.77
6,50 to < 60,245.7
6,60 to < 70,336.64
6,70 to < 80,429.32
6,80 to < 90,521.99
6,90 to < 100,614.69
6,100 to < 150,3.5
7,1 to < 5,81.31
7,5 to < 10,89.18
7,10 to < 15,90.93
7,15 to < 20,92.68
7,20 to < 25,93.56
7,25 to < 30,107.56
7,30 to < 35,118.04
7,35 to < 40,132.91
7,40 to < 45,146.9
7,45 to < 50,160.88
7,50 to < 60,277.18
7,60 to < 70,380.35
7,70 to < 80,485.28
7,80 to < 90,590.21
7,90 to < 100,694.25
7,100 to < 150,3.96
8,1 to < 5,82.99
8,5 to < 10,92.7
8,10 to < 15,94.46
8,15 to < 20,97.12
8,20 to < 25,98.88
8,25 to < 30,116.54
8,30 to < 35,133.31
8,35 to < 40,157.15
8,40 to < 45,178.33
8,45 to < 50,202.18
8,50 to < 60,329.31
8,60 to < 70,452.91
8,70 to < 80,578.27
8,80 to < 90,704.53
8,90 to < 100,829
8,100 to < 150,4.72
9,1 to < 5,84.28
9,5 to < 10,94.92
9,10 to < 15,99.35
9,15 to < 20,102.91
9,20 to < 25,107.35
9,25 to < 30,128.63
9,30 to < 35,157.01
9,35 to < 40,193.39
9,40 to < 45,231.53
9,45 to < 50,268.79
9,50 to < 60,406.3
9,60 to < 70,558.88
9,70 to < 80,714.13
9,80 to < 90,871.14
9,90 to < 100,1025.5
9,100 to < 150,5.84
10,1 to < 5,85.57
10,5 to < 10,98.95
10,10 to < 15,105.19
10,15 to < 20,110.53
10,20 to < 25,117.65
10,25 to < 30,145.29
10,30 to < 35,189.86
10,35 to < 40,249.58
10,40 to < 45,309.3
10,45 to < 50,369.92
10,50 to < 60,516.98
10,60 to < 70,710.41
10,70 to < 80,908.29
10,80 to < 90,1107.06
10,90 to < 100,1305.83
10,100 to < 150,7.44
11,1 to < 5,86.87
11,5 to < 10,103.9
11,10 to < 15,111.95
11,15 to < 20,121.8
11,20 to < 25,130.76
11,25 to < 30,168.38
11,30 to < 35,200.61
11,35 to < 40,323.31
11,40 to < 45,413.77
11,45 to < 50,502.43
11,50 to < 60,670.8
11,60 to < 70,914.41
11,70 to < 80,1170.55
11,80 to < 90,1427.59
11,90 to < 100,1684.63
11,100 to < 150,9.6
12,1 to < 5,87.43
12,5 to < 10,105.8
12,10 to < 15,115.41
12,15 to < 20,125.03
12,20 to < 25,133.78
12,25 to < 30,173.99
12,30 to < 35,208.1
12,35 to < 40,331.39
12,40 to < 45,445.06
12,45 to < 50,528.11
12,50 to < 60,734.48
12,60 to < 70,1012.52
12,70 to < 80,1298.45
12,80 to < 90,1582.62
12,90 to < 100,1867.66
12,100 to < 150,10.64
13,1 to < 5,90.05
13,5 to < 10,107.36
13,10 to < 15,116.02
13,15 to < 20,125.55
13,20 to < 25,135.08
13,25 to < 30,174.04
13,30 to < 35,220.81
13,35 to < 40,342.89
13,40 to < 45,455.46
13,45 to < 50,526.46
13,50 to < 60,749.86
13,60 to < 70,1017.42
13,70 to < 80,1305.76
13,80 to < 90,1591.49
13,90 to < 100,1878.1
13,100 to < 150,10.7
14,1 to < 5,94.71
14,5 to < 10,110.91
14,10 to < 15,118.58
14,15 to < 20,127.97
14,20 to < 25,137.36
14,25 to < 30,173.19
14,30 to < 35,242.29
14,35 to < 40,353.21
14,40 to < 45,464.11
14,45 to < 50,527.25
14,50 to < 60,761.02
14,60 to < 70,1020.37
14,70 to < 80,1307.03
14,80 to < 90,1593.68
14,90 to < 100,1881.2
14,100 to < 150,10.72
15,1 to < 5,95.07
15,5 to < 10,114.6
15,10 to < 15,123.09
15,15 to < 20,132.44
15,20 to < 25,142.61
15,25 to < 30,181.66
15,30 to < 35,257.21
15,35 to < 40,369.28
15,40 to < 45,478.78
15,45 to < 50,566.21
15,50 to < 60,790.33
15,60 to < 70,1095.94
15,70 to < 80,1405.79
15,80 to < 90,1713.94
15,90 to < 100,2023.79
15,100 to < 150,11.53
16,1 to < 5,98.48
16,5 to < 10,118.85
16,10 to < 15,129.04
16,15 to < 20,139.22
16,20 to < 25,148.55
16,25 to < 30,191
16,30 to < 35,275.05
16,35 to < 40,389.65
16,40 to < 45,511.04
16,45 to < 50,613.76
16,50 to < 60,834.47
16,60 to < 70,1175.73
16,70 to < 80,1507.66
16,80 to < 90,1838.74
16,90 to < 100,2170.65
16,100 to < 150,12.37
17,1 to < 5,103.56
17,5 to < 10,126.48
17,10 to < 15,137.53
17,15 to < 20,147.71
17,20 to < 25,157.05
17,25 to < 30,199.49
17,30 to < 35,288.62
17,35 to < 40,411.72
17,40 to < 45,528.01
17,45 to < 50,651.11
17,50 to < 60,864.19
17,60 to < 70,1217.33
17,70 to < 80,1552.64
17,80 to < 90,1898.16
17,90 to < 100,2242.81
17,100 to < 150,12.78
18,1 to < 5,109.51
18,5 to < 10,139.22
18,10 to < 15,147.71
18,15 to < 20,156.2
18,20 to < 25,165.53
18,25 to < 30,207.13
18,30 to < 35,297.97
18,35 to < 40,422.75
18,40 to < 45,546.69
18,45 to < 50,673.19
18,50 to < 60,897.29
18,60 to < 70,1261.48
18,70 to < 80,1601.89
18,80 to < 90,1960.12
18,90 to < 100,2318.37
18,100 to < 150,13.21
19,1 to < 5,124.18
19,5 to < 10,160.17
19,10 to < 15,165.56
19,15 to < 20,171.88
19,20 to < 25,181.77
19,25 to < 30,229.46
19,30 to < 35,317.65
19,35 to < 40,461.63
19,40 to < 45,600.19
19,45 to < 50,736.07
19,50 to < 60,988.92
19,60 to < 70,1383.06
19,70 to < 80,1750.19
19,80 to < 90,2145.22
19,90 to < 100,2540.25
19,100 to < 150,14.47
20,1 to < 5,141.65
20,5 to < 10,161.76
20,10 to < 15,167.87
20,15 to < 20,174.88
20,20 to < 25,186.24
20,25 to < 30,233.46
20,30 to < 35,319.15
20,35 to < 40,462.55
20,40 to < 45,605.06
20,45 to < 50,738.85
20,50 to < 60,995.9
20,60 to < 70,1392.01
20,70 to < 80,1754
20,80 to < 90,2150.96
20,90 to < 100,2551.43
20,100 to < 150,14.54
21,1 to < 5,154.13
21,5 to < 10,165.38
21,10 to < 15,175.77
21,15 to < 20,185.3
21,20 to < 25,198.29
21,25 to < 30,247.65
21,30 to < 35,337.7
21,35 to < 40,471.04
21,40 to < 45,620.84
21,45 to < 50,754.19
21,50 to < 60,1025.21
21,60 to < 70,1427.85
21,70 to < 80,1790.65
21,80 to < 90,2200.22
21,90 to < 100,2611.51
21,100 to < 150,14.88
22,1 to < 5,170.61
22,5 to < 10,173.19
22,10 to < 15,186.05
22,15 to < 20,197.2
22,20 to < 25,210.07
22,25 to < 30,271.8
22,30 to < 35,362.68
22,35 to < 40,481
22,40 to < 45,636.19
22,45 to < 50,770.8
22,50 to < 60,1053.74
22,60 to < 70,1462.73
22,70 to < 80,1828.84
22,80 to < 90,2248.1
22,90 to < 100,2672.51
22,100 to < 150,15.23
23,1 to < 5,174.02
23,5 to < 10,179.12
23,10 to < 15,190.15
23,15 to < 20,207.13
23,20 to < 25,222.41
23,25 to < 30,291.17
23,30 to < 35,392.19
23,35 to < 40,506.8
23,40 to < 45,652.81
23,45 to < 50,787.79
23,50 to < 60,1082.36
23,60 to < 70,1500.02
23,70 to < 80,1867.6
23,80 to < 90,2299.69
23,90 to < 100,2735.18
23,100 to < 150,15.59
24,1 to < 5,186.76
24,5 to < 10,193.55
24,10 to < 15,205.44
24,15 to < 20,218.17
24,20 to < 25,234.31
24,25 to < 30,303.05
24,30 to < 35,411.72
24,35 to < 40,537.35
24,40 to < 45,676.58
24,45 to < 50,812.4
24,50 to < 60,1123.94
24,60 to < 70,1552.64
24,70 to < 80,1934.65
24,80 to < 90,2372.7
24,90 to < 100,2826.86
24,100 to < 150,16.11
25,1 to < 5,193.55
25,5 to < 10,212.23
25,10 to < 15,236.84
25,15 to < 20,251.28
25,20 to < 25,267.41
25,25 to < 30,309
25,30 to < 35,425.31
25,35 to < 40,553.48
25,40 to < 45,701.2
25,45 to < 50,839.57
25,50 to < 60,1167.25
25,60 to < 70,1607.83
25,70 to < 80,2063.7
25,80 to < 90,2517.86
25,90 to < 100,2973.72
25,100 to < 150,16.94
26,1 to < 5,226.66
26,5 to < 10,247.04
26,10 to < 15,278.44
26,15 to < 20,292.87
26,20 to < 25,309
26,25 to < 30,352.3
26,30 to < 35,438.04
26,35 to < 40,586.6
26,40 to < 45,729.21
26,45 to < 50,892.2
26,50 to < 60,1219.88
26,60 to < 70,1708.85
26,70 to < 80,2192.72
26,80 to < 90,2675.75
26,90 to < 100,3159.63
26,100 to < 150,18.01
27,1 to < 5,242.8
27,5 to < 10,266.55
27,10 to < 15,295.42
27,15 to < 20,319.19
27,20 to < 25,342.11
27,25 to < 30,365.03
27,30 to < 35,464.35
27,35 to < 40,612.91
27,40 to < 45,759.77
27,45 to < 50,932.95
27,50 to < 60,1309.87
27,60 to < 70,1801.38
27,70 to < 80,2309.89
27,80 to < 90,2820.92
27,90 to < 100,3329.42
27,100 to < 150,18.97
28,1 to < 5,275.05
28,5 to < 10,297.97
28,10 to < 15,326.83
28,15 to < 20,348.05
28,20 to < 25,370.13
28,25 to < 30,390.5
28,30 to < 35,476.24
28,35 to < 40,640.93
28,40 to < 45,797.98
28,45 to < 50,978.79
28,50 to < 60,1365.89
28,60 to < 70,1912.58
28,70 to < 80,2453.35
28,80 to < 90,2995.79
28,90 to < 100,3537.4
28,100 to < 150,20.15
29,1 to < 5,280.99
29,5 to < 10,299.66
29,10 to < 15,328.52
29,15 to < 20,350.6
29,20 to < 25,377.77
29,25 to < 30,398.14
29,30 to < 35,491.51
29,35 to < 40,658.75
29,40 to < 45,815.8
29,45 to < 50,996.61
29,50 to < 60,1385.41
29,60 to < 70,1931.26
29,70 to < 80,2478.82
29,80 to < 90,3025.51
29,90 to < 100,3572.21
29,100 to < 150,20.35
30,1 to < 5,286.07
30,5 to < 10,317.48
30,10 to < 15,365.03
30,15 to < 20,398.14
30,20 to < 25,427
30,25 to < 30,451.61
30,30 to < 35,501.71
30,35 to < 40,677.43
30,40 to < 45,833.63
30,45 to < 50,1011.9
30,50 to < 60,1411.73
30,60 to < 70,1972.01
30,70 to < 80,2531.44
30,80 to < 90,3089.17
30,90 to < 100,3647.75
30,100 to < 150,20.79
