orig_branch,dest_branch,lh_product_desc,total_legs
BTH,BTH,BTH-BTH-ECONOMY,1
BTH,BTH,BTH-BTH-EXPRESS,1
BTH,BFN,BTH-BFN-ECONOMY,8
BTH,BFN,BTH-BFN-EXPRESS,8
BTH,CDO,BTH-CDO-ECONOMY,12
BTH,CDO,BTH-CDO-EXPRESS,12
BTH,CPT,BTH-CPT-ECONOMY,12
BTH,CPT,BTH-CPT-EXPRESS,12
BTH,DUR,BTH-DUR-ECONOMY,8
BTH,DUR,BTH-DUR-EXPRESS,8
BTH,ELS,BTH-ELS-ECONOMY,9
BTH,ELS,BTH-ELS-EXPRESS,9
BTH,EMG,BTH-EMG-ECONOMY,10
BTH,EMG,BTH-EMG-EXPRESS,10
BTH,BWA,BTH-BWA-ECONOMY,12
BTH,BWA,BTH-BWA-EXPRESS,12
BTH,GRJ,BTH-GRJ-ECONOMY,13
BTH,GRJ,BTH-GRJ-EXPRESS,11
BTH,ZAY,BTH-ZAY-ECONOMY,4
BTH,ZAY,BTH-ZAY-EXPRESS,4
BTH,KIM,BTH-KIM-ECONOMY,8
BTH,KIM,BTH-KIM-EXPRESS,8
BTH,KXE,BTH-KXE-ECONOMY,6
BTH,KXE,BTH-KXE-EXPRESS,6
BTH,SWZ,BTH-SWZ-ECONOMY,12
BTH,SWZ,BTH-SWZ-EXPRESS,12
BTH,LSO,BTH-LSO-ECONOMY,15
BTH,LSO,BTH-LSO-EXPRESS,15
BTH,SWZ,BTH-SWZ-ECONOMY,13
BTH,SWZ,BTH-SWZ-EXPRESS,13
BTH,NCS,BTH-NCS-ECONOMY,7
BTH,NCS,BTH-NCS-EXPRESS,7
BTH,NLP,BTH-NLP-ECONOMY,7
BTH,NLP,BTH-NLP-EXPRESS,7
BTH,PLZ,BTH-PLZ-ECONOMY,10
BTH,PLZ,BTH-PLZ-EXPRESS,10
BTH,ZCK,BTH-ZCK-ECONOMY,10
BTH,ZCK,BTH-ZCK-EXPRESS,10
BTH,POL,BTH-POL-ECONOMY,7
BTH,POL,BTH-POL-EXPRESS,7
BTH,PZB,BTH-PZB-ECONOMY,8
BTH,PZB,BTH-PZB-EXPRESS,8
BTH,RSB,BTH-RSB-ECONOMY,6
BTH,RSB,BTH-RSB-EXPRESS,6
BTH,UTN,BTH-UTN-ECONOMY,9
BTH,UTN,BTH-UTN-EXPRESS,9
BTH,UTT,BTH-UTT-ECONOMY,12
BTH,UTT,BTH-UTT-EXPRESS,12
BTH,VDB,BTH-VDB-ECONOMY,14
BTH,VDB,BTH-VDB-EXPRESS,14
BTH,NAM,BTH-NAM-ECONOMY,16
BTH,NAM,BTH-NAM-EXPRESS,16
BTH,WIT,BTH-WIT-ECONOMY,6
BTH,WIT,BTH-WIT-EXPRESS,6
BFN,BTH,BFN-BTH-ECONOMY,8
BFN,BTH,BFN-BTH-EXPRESS,8
BFN,BFN,BFN-BFN-ECONOMY,1
BFN,BFN,BFN-BFN-EXPRESS,1
BFN,CDO,BFN-CDO-ECONOMY,13
BFN,CDO,BFN-CDO-EXPRESS,13
BFN,CPT,BFN-CPT-ECONOMY,13
BFN,CPT,BFN-CPT-EXPRESS,7
BFN,DUR,BFN-DUR-ECONOMY,9
BFN,DUR,BFN-DUR-EXPRESS,5
BFN,ELS,BFN-ELS-ECONOMY,10
BFN,ELS,BFN-ELS-EXPRESS,5
BFN,EMG,BFN-EMG-ECONOMY,11
BFN,EMG,BFN-EMG-EXPRESS,7
BFN,BWA,BFN-BWA-ECONOMY,11
BFN,BWA,BFN-BWA-EXPRESS,11
BFN,GRJ,BFN-GRJ-ECONOMY,14
BFN,GRJ,BFN-GRJ-EXPRESS,6
BFN,ZAY,BFN-ZAY-ECONOMY,5
BFN,ZAY,BFN-ZAY-EXPRESS,5
BFN,KIM,BFN-KIM-ECONOMY,9
BFN,KIM,BFN-KIM-EXPRESS,9
BFN,KXE,BFN-KXE-ECONOMY,7
BFN,KXE,BFN-KXE-EXPRESS,7
BFN,SWZ,BFN-SWZ-ECONOMY,11
BFN,SWZ,BFN-SWZ-EXPRESS,11
BFN,LSO,BFN-LSO-ECONOMY,6
BFN,LSO,BFN-LSO-EXPRESS,6
BFN,SWZ,BFN-SWZ-ECONOMY,11
BFN,SWZ,BFN-SWZ-EXPRESS,11
BFN,NCS,BFN-NCS-ECONOMY,8
BFN,NCS,BFN-NCS-EXPRESS,8
BFN,NLP,BFN-NLP-ECONOMY,8
BFN,NLP,BFN-NLP-EXPRESS,8
BFN,PLZ,BFN-PLZ-ECONOMY,11
BFN,PLZ,BFN-PLZ-EXPRESS,5
BFN,ZCK,BFN-ZCK-ECONOMY,11
BFN,ZCK,BFN-ZCK-EXPRESS,7
BFN,POL,BFN-POL-ECONOMY,8
BFN,POL,BFN-POL-EXPRESS,8
BFN,PZB,BFN-PZB-ECONOMY,9
BFN,PZB,BFN-PZB-EXPRESS,9
BFN,RSB,BFN-RSB-ECONOMY,7
BFN,RSB,BFN-RSB-EXPRESS,7
BFN,UTN,BFN-UTN-ECONOMY,10
BFN,UTN,BFN-UTN-EXPRESS,10
BFN,UTT,BFN-UTT-ECONOMY,13
BFN,UTT,BFN-UTT-EXPRESS,13
BFN,VDB,BFN-VDB-ECONOMY,15
BFN,VDB,BFN-VDB-EXPRESS,9
BFN,NAM,BFN-NAM-ECONOMY,15
BFN,NAM,BFN-NAM-EXPRESS,15
BFN,WIT,BFN-WIT-ECONOMY,7
BFN,WIT,BFN-WIT-EXPRESS,7
CDO,BTH,CDO-BTH-ECONOMY,12
CDO,BTH,CDO-BTH-EXPRESS,12
CDO,BFN,CDO-BFN-ECONOMY,7
CDO,BFN,CDO-BFN-EXPRESS,7
CDO,CDO,CDO-CDO-ECONOMY,1
CDO,CDO,CDO-CDO-EXPRESS,1
CDO,CPT,CDO-CPT-ECONOMY,8
CDO,CPT,CDO-CPT-EXPRESS,8
CDO,DUR,CDO-DUR-ECONOMY,13
CDO,DUR,CDO-DUR-EXPRESS,8
CDO,ELS,CDO-ELS-ECONOMY,6
CDO,ELS,CDO-ELS-EXPRESS,6
CDO,EMG,CDO-EMG-ECONOMY,15
CDO,EMG,CDO-EMG-EXPRESS,10
CDO,BWA,CDO-BWA-ECONOMY,15
CDO,BWA,CDO-BWA-EXPRESS,15
CDO,GRJ,CDO-GRJ-ECONOMY,6
CDO,GRJ,CDO-GRJ-EXPRESS,6
CDO,ZAY,CDO-ZAY-ECONOMY,9
CDO,ZAY,CDO-ZAY-EXPRESS,9
CDO,KIM,CDO-KIM-ECONOMY,13
CDO,KIM,CDO-KIM-EXPRESS,13
CDO,KXE,CDO-KXE-ECONOMY,11
CDO,KXE,CDO-KXE-EXPRESS,11
CDO,SWZ,CDO-SWZ-ECONOMY,15
CDO,SWZ,CDO-SWZ-EXPRESS,15
CDO,LSO,CDO-LSO-ECONOMY,12
CDO,LSO,CDO-LSO-EXPRESS,12
CDO,SWZ,CDO-SWZ-ECONOMY,15
CDO,SWZ,CDO-SWZ-EXPRESS,15
CDO,NCS,CDO-NCS-ECONOMY,12
CDO,NCS,CDO-NCS-EXPRESS,12
CDO,NLP,CDO-NLP-ECONOMY,12
CDO,NLP,CDO-NLP-EXPRESS,12
CDO,PLZ,CDO-PLZ-ECONOMY,3
CDO,PLZ,CDO-PLZ-EXPRESS,3
CDO,ZCK,CDO-ZCK-ECONOMY,15
CDO,ZCK,CDO-ZCK-EXPRESS,10
CDO,POL,CDO-POL-ECONOMY,12
CDO,POL,CDO-POL-EXPRESS,12
CDO,PZB,CDO-PZB-ECONOMY,13
CDO,PZB,CDO-PZB-EXPRESS,10
CDO,RSB,CDO-RSB-ECONOMY,11
CDO,RSB,CDO-RSB-EXPRESS,11
CDO,UTN,CDO-UTN-ECONOMY,14
CDO,UTN,CDO-UTN-EXPRESS,14
CDO,UTT,CDO-UTT-ECONOMY,9
CDO,UTT,CDO-UTT-EXPRESS,9
CDO,VDB,CDO-VDB-ECONOMY,10
CDO,VDB,CDO-VDB-EXPRESS,10
CDO,NAM,CDO-NAM-ECONOMY,19
CDO,NAM,CDO-NAM-EXPRESS,19
CDO,WIT,CDO-WIT-ECONOMY,11
CDO,WIT,CDO-WIT-EXPRESS,11
CPT,BTH,CPT-BTH-ECONOMY,12
CPT,BTH,CPT-BTH-EXPRESS,12
CPT,BFN,CPT-BFN-ECONOMY,13
CPT,BFN,CPT-BFN-EXPRESS,7
CPT,CDO,CPT-CDO-ECONOMY,8
CPT,CDO,CPT-CDO-EXPRESS,8
CPT,CPT,CPT-CPT-ECONOMY,1
CPT,CPT,CPT-CPT-EXPRESS,1
CPT,DUR,CPT-DUR-ECONOMY,9
CPT,DUR,CPT-DUR-EXPRESS,9
CPT,ELS,CPT-ELS-ECONOMY,9
CPT,ELS,CPT-ELS-EXPRESS,7
CPT,EMG,CPT-EMG-ECONOMY,11
CPT,EMG,CPT-EMG-EXPRESS,11
CPT,BWA,CPT-BWA-ECONOMY,15
CPT,BWA,CPT-BWA-EXPRESS,15
CPT,GRJ,CPT-GRJ-ECONOMY,4
CPT,GRJ,CPT-GRJ-EXPRESS,4
CPT,ZAY,CPT-ZAY-ECONOMY,9
CPT,ZAY,CPT-ZAY-EXPRESS,9
CPT,KIM,CPT-KIM-ECONOMY,13
CPT,KIM,CPT-KIM-EXPRESS,13
CPT,KXE,CPT-KXE-ECONOMY,11
CPT,KXE,CPT-KXE-EXPRESS,11
CPT,SWZ,CPT-SWZ-ECONOMY,15
CPT,SWZ,CPT-SWZ-EXPRESS,15
CPT,LSO,CPT-LSO-ECONOMY,18
CPT,LSO,CPT-LSO-EXPRESS,18
CPT,SWZ,CPT-SWZ-ECONOMY,15
CPT,SWZ,CPT-SWZ-EXPRESS,15
CPT,NCS,CPT-NCS-ECONOMY,12
CPT,NCS,CPT-NCS-EXPRESS,12
CPT,NLP,CPT-NLP-ECONOMY,12
CPT,NLP,CPT-NLP-EXPRESS,12
CPT,PLZ,CPT-PLZ-ECONOMY,6
CPT,PLZ,CPT-PLZ-EXPRESS,6
CPT,ZCK,CPT-ZCK-ECONOMY,11
CPT,ZCK,CPT-ZCK-EXPRESS,11
CPT,POL,CPT-POL-ECONOMY,12
CPT,POL,CPT-POL-EXPRESS,12
CPT,PZB,CPT-PZB-ECONOMY,11
CPT,PZB,CPT-PZB-EXPRESS,11
CPT,RSB,CPT-RSB-ECONOMY,11
CPT,RSB,CPT-RSB-EXPRESS,11
CPT,UTN,CPT-UTN-ECONOMY,14
CPT,UTN,CPT-UTN-EXPRESS,14
CPT,UTT,CPT-UTT-ECONOMY,12
CPT,UTT,CPT-UTT-EXPRESS,10
CPT,VDB,CPT-VDB-ECONOMY,3
CPT,VDB,CPT-VDB-EXPRESS,3
CPT,NAM,CPT-NAM-ECONOMY,19
CPT,NAM,CPT-NAM-EXPRESS,19
CPT,WIT,CPT-WIT-ECONOMY,11
CPT,WIT,CPT-WIT-EXPRESS,11
DUR,BTH,DUR-BTH-ECONOMY,8
DUR,BTH,DUR-BTH-EXPRESS,8
DUR,BFN,DUR-BFN-ECONOMY,9
DUR,BFN,DUR-BFN-EXPRESS,5
DUR,CDO,DUR-CDO-ECONOMY,8
DUR,CDO,DUR-CDO-EXPRESS,8
DUR,CPT,DUR-CPT-ECONOMY,9
DUR,CPT,DUR-CPT-EXPRESS,9
DUR,DUR,DUR-DUR-ECONOMY,1
DUR,DUR,DUR-DUR-EXPRESS,1
DUR,ELS,DUR-ELS-ECONOMY,5
DUR,ELS,DUR-ELS-EXPRESS,5
DUR,EMG,DUR-EMG-ECONOMY,3
DUR,EMG,DUR-EMG-EXPRESS,3
DUR,BWA,DUR-BWA-ECONOMY,11
DUR,BWA,DUR-BWA-EXPRESS,11
DUR,GRJ,DUR-GRJ-ECONOMY,9
DUR,GRJ,DUR-GRJ-EXPRESS,7
DUR,ZAY,DUR-ZAY-ECONOMY,5
DUR,ZAY,DUR-ZAY-EXPRESS,5
DUR,KIM,DUR-KIM-ECONOMY,9
DUR,KIM,DUR-KIM-EXPRESS,9
DUR,KXE,DUR-KXE-ECONOMY,7
DUR,KXE,DUR-KXE-EXPRESS,7
DUR,SWZ,DUR-SWZ-ECONOMY,11
DUR,SWZ,DUR-SWZ-EXPRESS,11
DUR,LSO,DUR-LSO-ECONOMY,14
DUR,LSO,DUR-LSO-EXPRESS,14
DUR,SWZ,DUR-SWZ-ECONOMY,11
DUR,SWZ,DUR-SWZ-EXPRESS,11
DUR,NCS,DUR-NCS-ECONOMY,8
DUR,NCS,DUR-NCS-EXPRESS,8
DUR,NLP,DUR-NLP-ECONOMY,8
DUR,NLP,DUR-NLP-EXPRESS,8
DUR,PLZ,DUR-PLZ-ECONOMY,6
DUR,PLZ,DUR-PLZ-EXPRESS,6
DUR,ZCK,DUR-ZCK-ECONOMY,3
DUR,ZCK,DUR-ZCK-EXPRESS,3
DUR,POL,DUR-POL-ECONOMY,8
DUR,POL,DUR-POL-EXPRESS,8
DUR,PZB,DUR-PZB-ECONOMY,3
DUR,PZB,DUR-PZB-EXPRESS,3
DUR,RSB,DUR-RSB-ECONOMY,7
DUR,RSB,DUR-RSB-EXPRESS,7
DUR,UTN,DUR-UTN-ECONOMY,10
DUR,UTN,DUR-UTN-EXPRESS,10
DUR,UTT,DUR-UTT-ECONOMY,8
DUR,UTT,DUR-UTT-EXPRESS,8
DUR,VDB,DUR-VDB-ECONOMY,11
DUR,VDB,DUR-VDB-EXPRESS,11
DUR,NAM,DUR-NAM-ECONOMY,15
DUR,NAM,DUR-NAM-EXPRESS,15
DUR,WIT,DUR-WIT-ECONOMY,7
DUR,WIT,DUR-WIT-EXPRESS,7
ELS,BTH,ELS-BTH-ECONOMY,9
ELS,BTH,ELS-BTH-EXPRESS,9
ELS,BFN,ELS-BFN-ECONOMY,5
ELS,BFN,ELS-BFN-EXPRESS,5
ELS,CDO,ELS-CDO-ECONOMY,6
ELS,CDO,ELS-CDO-EXPRESS,6
ELS,CPT,ELS-CPT-ECONOMY,9
ELS,CPT,ELS-CPT-EXPRESS,7
ELS,DUR,ELS-DUR-ECONOMY,5
ELS,DUR,ELS-DUR-EXPRESS,5
ELS,ELS,ELS-ELS-ECONOMY,1
ELS,ELS,ELS-ELS-EXPRESS,1
ELS,EMG,ELS-EMG-ECONOMY,7
ELS,EMG,ELS-EMG-EXPRESS,7
ELS,BWA,ELS-BWA-ECONOMY,12
ELS,BWA,ELS-BWA-EXPRESS,12
ELS,GRJ,ELS-GRJ-ECONOMY,7
ELS,GRJ,ELS-GRJ-EXPRESS,7
ELS,ZAY,ELS-ZAY-ECONOMY,6
ELS,ZAY,ELS-ZAY-EXPRESS,6
ELS,KIM,ELS-KIM-ECONOMY,10
ELS,KIM,ELS-KIM-EXPRESS,10
ELS,KXE,ELS-KXE-ECONOMY,8
ELS,KXE,ELS-KXE-EXPRESS,8
ELS,SWZ,ELS-SWZ-ECONOMY,12
ELS,SWZ,ELS-SWZ-EXPRESS,12
ELS,LSO,ELS-LSO-ECONOMY,12
ELS,LSO,ELS-LSO-EXPRESS,12
ELS,SWZ,ELS-SWZ-ECONOMY,12
ELS,SWZ,ELS-SWZ-EXPRESS,12
ELS,NCS,ELS-NCS-ECONOMY,9
ELS,NCS,ELS-NCS-EXPRESS,9
ELS,NLP,ELS-NLP-ECONOMY,9
ELS,NLP,ELS-NLP-EXPRESS,9
ELS,PLZ,ELS-PLZ-ECONOMY,4
ELS,PLZ,ELS-PLZ-EXPRESS,4
ELS,ZCK,ELS-ZCK-ECONOMY,7
ELS,ZCK,ELS-ZCK-EXPRESS,7
ELS,POL,ELS-POL-ECONOMY,9
ELS,POL,ELS-POL-EXPRESS,9
ELS,PZB,ELS-PZB-ECONOMY,7
ELS,PZB,ELS-PZB-EXPRESS,7
ELS,RSB,ELS-RSB-ECONOMY,8
ELS,RSB,ELS-RSB-EXPRESS,8
ELS,UTN,ELS-UTN-ECONOMY,11
ELS,UTN,ELS-UTN-EXPRESS,11
ELS,UTT,ELS-UTT-ECONOMY,4
ELS,UTT,ELS-UTT-EXPRESS,4
ELS,VDB,ELS-VDB-ECONOMY,11
ELS,VDB,ELS-VDB-EXPRESS,9
ELS,NAM,ELS-NAM-ECONOMY,16
ELS,NAM,ELS-NAM-EXPRESS,16
ELS,WIT,ELS-WIT-ECONOMY,8
ELS,WIT,ELS-WIT-EXPRESS,8
EMG,BTH,EMG-BTH-ECONOMY,10
EMG,BTH,EMG-BTH-EXPRESS,10
EMG,BFN,EMG-BFN-ECONOMY,11
EMG,BFN,EMG-BFN-EXPRESS,7
EMG,CDO,EMG-CDO-ECONOMY,10
EMG,CDO,EMG-CDO-EXPRESS,10
EMG,CPT,EMG-CPT-ECONOMY,11
EMG,CPT,EMG-CPT-EXPRESS,11
EMG,DUR,EMG-DUR-ECONOMY,3
EMG,DUR,EMG-DUR-EXPRESS,3
EMG,ELS,EMG-ELS-ECONOMY,7
EMG,ELS,EMG-ELS-EXPRESS,7
EMG,EMG,EMG-EMG-ECONOMY,1
EMG,EMG,EMG-EMG-EXPRESS,1
EMG,BWA,EMG-BWA-ECONOMY,13
EMG,BWA,EMG-BWA-EXPRESS,13
EMG,GRJ,EMG-GRJ-ECONOMY,11
EMG,GRJ,EMG-GRJ-EXPRESS,9
EMG,ZAY,EMG-ZAY-ECONOMY,7
EMG,ZAY,EMG-ZAY-EXPRESS,7
EMG,KIM,EMG-KIM-ECONOMY,11
EMG,KIM,EMG-KIM-EXPRESS,11
EMG,KXE,EMG-KXE-ECONOMY,9
EMG,KXE,EMG-KXE-EXPRESS,9
EMG,SWZ,EMG-SWZ-ECONOMY,13
EMG,SWZ,EMG-SWZ-EXPRESS,13
EMG,LSO,EMG-LSO-ECONOMY,16
EMG,LSO,EMG-LSO-EXPRESS,16
EMG,SWZ,EMG-SWZ-ECONOMY,13
EMG,SWZ,EMG-SWZ-EXPRESS,13
EMG,NCS,EMG-NCS-ECONOMY,10
EMG,NCS,EMG-NCS-EXPRESS,10
EMG,NLP,EMG-NLP-ECONOMY,10
EMG,NLP,EMG-NLP-EXPRESS,10
EMG,PLZ,EMG-PLZ-ECONOMY,8
EMG,PLZ,EMG-PLZ-EXPRESS,8
EMG,ZCK,EMG-ZCK-ECONOMY,5
EMG,ZCK,EMG-ZCK-EXPRESS,5
EMG,POL,EMG-POL-ECONOMY,10
EMG,POL,EMG-POL-EXPRESS,10
EMG,PZB,EMG-PZB-ECONOMY,5
EMG,PZB,EMG-PZB-EXPRESS,5
EMG,RSB,EMG-RSB-ECONOMY,9
EMG,RSB,EMG-RSB-EXPRESS,9
EMG,UTN,EMG-UTN-ECONOMY,12
EMG,UTN,EMG-UTN-EXPRESS,12
EMG,UTT,EMG-UTT-ECONOMY,10
EMG,UTT,EMG-UTT-EXPRESS,10
EMG,VDB,EMG-VDB-ECONOMY,13
EMG,VDB,EMG-VDB-EXPRESS,13
EMG,NAM,EMG-NAM-ECONOMY,17
EMG,NAM,EMG-NAM-EXPRESS,17
EMG,WIT,EMG-WIT-ECONOMY,9
EMG,WIT,EMG-WIT-EXPRESS,9
BWA,BTH,BWA-BTH-ECONOMY,12
BWA,BTH,BWA-BTH-EXPRESS,12
BWA,BFN,BWA-BFN-ECONOMY,11
BWA,BFN,BWA-BFN-EXPRESS,11
BWA,CDO,BWA-CDO-ECONOMY,15
BWA,CDO,BWA-CDO-EXPRESS,15
BWA,CPT,BWA-CPT-ECONOMY,15
BWA,CPT,BWA-CPT-EXPRESS,15
BWA,DUR,BWA-DUR-ECONOMY,11
BWA,DUR,BWA-DUR-EXPRESS,11
BWA,ELS,BWA-ELS-ECONOMY,12
BWA,ELS,BWA-ELS-EXPRESS,12
BWA,EMG,BWA-EMG-ECONOMY,13
BWA,EMG,BWA-EMG-EXPRESS,13
BWA,BWA,BWA-BWA-ECONOMY,4
BWA,BWA,BWA-BWA-EXPRESS,4
BWA,GRJ,BWA-GRJ-ECONOMY,16
BWA,GRJ,BWA-GRJ-EXPRESS,15
BWA,ZAY,BWA-ZAY-ECONOMY,4
BWA,ZAY,BWA-ZAY-EXPRESS,4
BWA,KIM,BWA-KIM-ECONOMY,11
BWA,KIM,BWA-KIM-EXPRESS,11
BWA,KXE,BWA-KXE-ECONOMY,9
BWA,KXE,BWA-KXE-EXPRESS,9
BWA,SWZ,BWA-SWZ-ECONOMY,10
BWA,SWZ,BWA-SWZ-EXPRESS,10
BWA,LSO,BWA-LSO-ECONOMY,13
BWA,LSO,BWA-LSO-EXPRESS,13
BWA,SWZ,BWA-SWZ-ECONOMY,10
BWA,SWZ,BWA-SWZ-EXPRESS,10
BWA,NCS,BWA-NCS-ECONOMY,10
BWA,NCS,BWA-NCS-EXPRESS,10
BWA,NLP,BWA-NLP-ECONOMY,10
BWA,NLP,BWA-NLP-EXPRESS,10
BWA,PLZ,BWA-PLZ-ECONOMY,13
BWA,PLZ,BWA-PLZ-EXPRESS,13
BWA,ZCK,BWA-ZCK-ECONOMY,13
BWA,ZCK,BWA-ZCK-EXPRESS,13
BWA,POL,BWA-POL-ECONOMY,10
BWA,POL,BWA-POL-EXPRESS,10
BWA,PZB,BWA-PZB-ECONOMY,8
BWA,PZB,BWA-PZB-EXPRESS,8
BWA,RSB,BWA-RSB-ECONOMY,9
BWA,RSB,BWA-RSB-EXPRESS,9
BWA,UTN,BWA-UTN-ECONOMY,12
BWA,UTN,BWA-UTN-EXPRESS,12
BWA,UTT,BWA-UTT-ECONOMY,12
BWA,UTT,BWA-UTT-EXPRESS,12
BWA,VDB,BWA-VDB-ECONOMY,17
BWA,VDB,BWA-VDB-EXPRESS,17
BWA,NAM,BWA-NAM-ECONOMY,14
BWA,NAM,BWA-NAM-EXPRESS,14
BWA,WIT,BWA-WIT-ECONOMY,9
BWA,WIT,BWA-WIT-EXPRESS,9
GRJ,BTH,GRJ-BTH-ECONOMY,13
GRJ,BTH,GRJ-BTH-EXPRESS,11
GRJ,BFN,GRJ-BFN-ECONOMY,8
GRJ,BFN,GRJ-BFN-EXPRESS,12
GRJ,CDO,GRJ-CDO-ECONOMY,6
GRJ,CDO,GRJ-CDO-EXPRESS,6
GRJ,CPT,GRJ-CPT-ECONOMY,4
GRJ,CPT,GRJ-CPT-EXPRESS,4
GRJ,DUR,GRJ-DUR-ECONOMY,14
GRJ,DUR,GRJ-DUR-EXPRESS,7
GRJ,ELS,GRJ-ELS-ECONOMY,7
GRJ,ELS,GRJ-ELS-EXPRESS,7
GRJ,EMG,GRJ-EMG-ECONOMY,16
GRJ,EMG,GRJ-EMG-EXPRESS,9
GRJ,BWA,GRJ-BWA-ECONOMY,16
GRJ,BWA,GRJ-BWA-EXPRESS,15
GRJ,GRJ,GRJ-GRJ-ECONOMY,1
GRJ,GRJ,GRJ-GRJ-EXPRESS,1
GRJ,ZAY,GRJ-ZAY-ECONOMY,10
GRJ,ZAY,GRJ-ZAY-EXPRESS,5
GRJ,KIM,GRJ-KIM-ECONOMY,14
GRJ,KIM,GRJ-KIM-EXPRESS,12
GRJ,KXE,GRJ-KXE-ECONOMY,12
GRJ,KXE,GRJ-KXE-EXPRESS,10
GRJ,SWZ,GRJ-SWZ-ECONOMY,16
GRJ,SWZ,GRJ-SWZ-EXPRESS,15
GRJ,LSO,GRJ-LSO-ECONOMY,13
GRJ,LSO,GRJ-LSO-EXPRESS,13
GRJ,SWZ,GRJ-SWZ-ECONOMY,16
GRJ,SWZ,GRJ-SWZ-EXPRESS,15
GRJ,NCS,GRJ-NCS-ECONOMY,13
GRJ,NCS,GRJ-NCS-EXPRESS,11
GRJ,NLP,GRJ-NLP-ECONOMY,13
GRJ,NLP,GRJ-NLP-EXPRESS,11
GRJ,PLZ,GRJ-PLZ-ECONOMY,4
GRJ,PLZ,GRJ-PLZ-EXPRESS,4
GRJ,ZCK,GRJ-ZCK-ECONOMY,16
GRJ,ZCK,GRJ-ZCK-EXPRESS,9
GRJ,POL,GRJ-POL-ECONOMY,13
GRJ,POL,GRJ-POL-EXPRESS,11
GRJ,PZB,GRJ-PZB-ECONOMY,14
GRJ,PZB,GRJ-PZB-EXPRESS,14
GRJ,RSB,GRJ-RSB-ECONOMY,12
GRJ,RSB,GRJ-RSB-EXPRESS,10
GRJ,UTN,GRJ-UTN-ECONOMY,15
GRJ,UTN,GRJ-UTN-EXPRESS,13
GRJ,UTT,GRJ-UTT-ECONOMY,10
GRJ,UTT,GRJ-UTT-EXPRESS,10
GRJ,VDB,GRJ-VDB-ECONOMY,6
GRJ,VDB,GRJ-VDB-EXPRESS,6
GRJ,NAM,GRJ-NAM-ECONOMY,20
GRJ,NAM,GRJ-NAM-EXPRESS,20
GRJ,WIT,GRJ-WIT-ECONOMY,12
GRJ,WIT,GRJ-WIT-EXPRESS,10
ZAY,BTH,ZAY-BTH-ECONOMY,4
ZAY,BTH,ZAY-BTH-EXPRESS,4
ZAY,BFN,ZAY-BFN-ECONOMY,5
ZAY,BFN,ZAY-BFN-EXPRESS,5
ZAY,CDO,ZAY-CDO-ECONOMY,9
ZAY,CDO,ZAY-CDO-EXPRESS,9
ZAY,CPT,ZAY-CPT-ECONOMY,9
ZAY,CPT,ZAY-CPT-EXPRESS,9
ZAY,DUR,ZAY-DUR-ECONOMY,5
ZAY,DUR,ZAY-DUR-EXPRESS,5
ZAY,ELS,ZAY-ELS-ECONOMY,6
ZAY,ELS,ZAY-ELS-EXPRESS,6
ZAY,EMG,ZAY-EMG-ECONOMY,7
ZAY,EMG,ZAY-EMG-EXPRESS,7
ZAY,BWA,ZAY-BWA-ECONOMY,7
ZAY,BWA,ZAY-BWA-EXPRESS,7
ZAY,GRJ,ZAY-GRJ-ECONOMY,10
ZAY,GRJ,ZAY-GRJ-EXPRESS,8
ZAY,ZAY,ZAY-ZAY-ECONOMY,1
ZAY,ZAY,ZAY-ZAY-EXPRESS,1
ZAY,KIM,ZAY-KIM-ECONOMY,5
ZAY,KIM,ZAY-KIM-EXPRESS,5
ZAY,KXE,ZAY-KXE-ECONOMY,3
ZAY,KXE,ZAY-KXE-EXPRESS,3
ZAY,SWZ,ZAY-SWZ-ECONOMY,7
ZAY,SWZ,ZAY-SWZ-EXPRESS,7
ZAY,LSO,ZAY-LSO-ECONOMY,10
ZAY,LSO,ZAY-LSO-EXPRESS,10
ZAY,SWZ,ZAY-SWZ-ECONOMY,7
ZAY,SWZ,ZAY-SWZ-EXPRESS,7
ZAY,NCS,ZAY-NCS-ECONOMY,4
ZAY,NCS,ZAY-NCS-EXPRESS,4
ZAY,NLP,ZAY-NLP-ECONOMY,4
ZAY,NLP,ZAY-NLP-EXPRESS,4
ZAY,PLZ,ZAY-PLZ-ECONOMY,7
ZAY,PLZ,ZAY-PLZ-EXPRESS,7
ZAY,ZCK,ZAY-ZCK-ECONOMY,7
ZAY,ZCK,ZAY-ZCK-EXPRESS,7
ZAY,POL,ZAY-POL-ECONOMY,4
ZAY,POL,ZAY-POL-EXPRESS,4
ZAY,PZB,ZAY-PZB-ECONOMY,5
ZAY,PZB,ZAY-PZB-EXPRESS,5
ZAY,RSB,ZAY-RSB-ECONOMY,3
ZAY,RSB,ZAY-RSB-EXPRESS,3
ZAY,UTN,ZAY-UTN-ECONOMY,6
ZAY,UTN,ZAY-UTN-EXPRESS,6
ZAY,UTT,ZAY-UTT-ECONOMY,9
ZAY,UTT,ZAY-UTT-EXPRESS,9
ZAY,VDB,ZAY-VDB-ECONOMY,11
ZAY,VDB,ZAY-VDB-EXPRESS,11
ZAY,NAM,ZAY-NAM-ECONOMY,11
ZAY,NAM,ZAY-NAM-EXPRESS,11
ZAY,WIT,ZAY-WIT-ECONOMY,3
ZAY,WIT,ZAY-WIT-EXPRESS,3
KIM,BTH,KIM-BTH-ECONOMY,8
KIM,BTH,KIM-BTH-EXPRESS,8
KIM,BFN,KIM-BFN-ECONOMY,9
KIM,BFN,KIM-BFN-EXPRESS,9
KIM,CDO,KIM-CDO-ECONOMY,13
KIM,CDO,KIM-CDO-EXPRESS,13
KIM,CPT,KIM-CPT-ECONOMY,13
KIM,CPT,KIM-CPT-EXPRESS,13
KIM,DUR,KIM-DUR-ECONOMY,9
KIM,DUR,KIM-DUR-EXPRESS,9
KIM,ELS,KIM-ELS-ECONOMY,10
KIM,ELS,KIM-ELS-EXPRESS,10
KIM,EMG,KIM-EMG-ECONOMY,11
KIM,EMG,KIM-EMG-EXPRESS,11
KIM,BWA,KIM-BWA-ECONOMY,11
KIM,BWA,KIM-BWA-EXPRESS,11
KIM,GRJ,KIM-GRJ-ECONOMY,14
KIM,GRJ,KIM-GRJ-EXPRESS,12
KIM,ZAY,KIM-ZAY-ECONOMY,5
KIM,ZAY,KIM-ZAY-EXPRESS,5
KIM,KIM,KIM-KIM-ECONOMY,1
KIM,KIM,KIM-KIM-EXPRESS,1
KIM,KXE,KIM-KXE-ECONOMY,7
KIM,KXE,KIM-KXE-EXPRESS,7
KIM,SWZ,KIM-SWZ-ECONOMY,11
KIM,SWZ,KIM-SWZ-EXPRESS,11
KIM,LSO,KIM-LSO-ECONOMY,14
KIM,LSO,KIM-LSO-EXPRESS,14
KIM,SWZ,KIM-SWZ-ECONOMY,11
KIM,SWZ,KIM-SWZ-EXPRESS,11
KIM,NCS,KIM-NCS-ECONOMY,8
KIM,NCS,KIM-NCS-EXPRESS,8
KIM,NLP,KIM-NLP-ECONOMY,8
KIM,NLP,KIM-NLP-EXPRESS,8
KIM,PLZ,KIM-PLZ-ECONOMY,11
KIM,PLZ,KIM-PLZ-EXPRESS,11
KIM,ZCK,KIM-ZCK-ECONOMY,11
KIM,ZCK,KIM-ZCK-EXPRESS,11
KIM,POL,KIM-POL-ECONOMY,8
KIM,POL,KIM-POL-EXPRESS,8
KIM,PZB,KIM-PZB-ECONOMY,9
KIM,PZB,KIM-PZB-EXPRESS,9
KIM,RSB,KIM-RSB-ECONOMY,7
KIM,RSB,KIM-RSB-EXPRESS,7
KIM,UTN,KIM-UTN-ECONOMY,10
KIM,UTN,KIM-UTN-EXPRESS,10
KIM,UTT,KIM-UTT-ECONOMY,13
KIM,UTT,KIM-UTT-EXPRESS,13
KIM,VDB,KIM-VDB-ECONOMY,15
KIM,VDB,KIM-VDB-EXPRESS,15
KIM,NAM,KIM-NAM-ECONOMY,15
KIM,NAM,KIM-NAM-EXPRESS,15
KIM,WIT,KIM-WIT-ECONOMY,7
KIM,WIT,KIM-WIT-EXPRESS,7
KXE,BTH,KXE-BTH-ECONOMY,6
KXE,BTH,KXE-BTH-EXPRESS,6
KXE,BFN,KXE-BFN-ECONOMY,7
KXE,BFN,KXE-BFN-EXPRESS,7
KXE,CDO,KXE-CDO-ECONOMY,11
KXE,CDO,KXE-CDO-EXPRESS,11
KXE,CPT,KXE-CPT-ECONOMY,11
KXE,CPT,KXE-CPT-EXPRESS,11
KXE,DUR,KXE-DUR-ECONOMY,7
KXE,DUR,KXE-DUR-EXPRESS,7
KXE,ELS,KXE-ELS-ECONOMY,8
KXE,ELS,KXE-ELS-EXPRESS,8
KXE,EMG,KXE-EMG-ECONOMY,9
KXE,EMG,KXE-EMG-EXPRESS,9
KXE,BWA,KXE-BWA-ECONOMY,9
KXE,BWA,KXE-BWA-EXPRESS,9
KXE,GRJ,KXE-GRJ-ECONOMY,12
KXE,GRJ,KXE-GRJ-EXPRESS,10
KXE,ZAY,KXE-ZAY-ECONOMY,3
KXE,ZAY,KXE-ZAY-EXPRESS,3
KXE,KIM,KXE-KIM-ECONOMY,7
KXE,KIM,KXE-KIM-EXPRESS,7
KXE,KXE,KXE-KXE-ECONOMY,1
KXE,KXE,KXE-KXE-EXPRESS,1
KXE,SWZ,KXE-SWZ-ECONOMY,9
KXE,SWZ,KXE-SWZ-EXPRESS,9
KXE,LSO,KXE-LSO-ECONOMY,12
KXE,LSO,KXE-LSO-EXPRESS,12
KXE,SWZ,KXE-SWZ-ECONOMY,9
KXE,SWZ,KXE-SWZ-EXPRESS,9
KXE,NCS,KXE-NCS-ECONOMY,6
KXE,NCS,KXE-NCS-EXPRESS,6
KXE,NLP,KXE-NLP-ECONOMY,6
KXE,NLP,KXE-NLP-EXPRESS,6
KXE,PLZ,KXE-PLZ-ECONOMY,9
KXE,PLZ,KXE-PLZ-EXPRESS,9
KXE,ZCK,KXE-ZCK-ECONOMY,9
KXE,ZCK,KXE-ZCK-EXPRESS,9
KXE,POL,KXE-POL-ECONOMY,6
KXE,POL,KXE-POL-EXPRESS,6
KXE,PZB,KXE-PZB-ECONOMY,7
KXE,PZB,KXE-PZB-EXPRESS,7
KXE,RSB,KXE-RSB-ECONOMY,5
KXE,RSB,KXE-RSB-EXPRESS,5
KXE,UTN,KXE-UTN-ECONOMY,8
KXE,UTN,KXE-UTN-EXPRESS,8
KXE,UTT,KXE-UTT-ECONOMY,11
KXE,UTT,KXE-UTT-EXPRESS,11
KXE,VDB,KXE-VDB-ECONOMY,13
KXE,VDB,KXE-VDB-EXPRESS,13
KXE,NAM,KXE-NAM-ECONOMY,13
KXE,NAM,KXE-NAM-EXPRESS,13
KXE,WIT,KXE-WIT-ECONOMY,5
KXE,WIT,KXE-WIT-EXPRESS,5
SWZ,BTH,SWZ-BTH-ECONOMY,12
SWZ,BTH,SWZ-BTH-EXPRESS,12
SWZ,BFN,SWZ-BFN-ECONOMY,11
SWZ,BFN,SWZ-BFN-EXPRESS,11
SWZ,CDO,SWZ-CDO-ECONOMY,15
SWZ,CDO,SWZ-CDO-EXPRESS,15
SWZ,CPT,SWZ-CPT-ECONOMY,15
SWZ,CPT,SWZ-CPT-EXPRESS,15
SWZ,DUR,SWZ-DUR-ECONOMY,11
SWZ,DUR,SWZ-DUR-EXPRESS,11
SWZ,ELS,SWZ-ELS-ECONOMY,12
SWZ,ELS,SWZ-ELS-EXPRESS,12
SWZ,EMG,SWZ-EMG-ECONOMY,13
SWZ,EMG,SWZ-EMG-EXPRESS,13
SWZ,BWA,SWZ-BWA-ECONOMY,10
SWZ,BWA,SWZ-BWA-EXPRESS,10
SWZ,GRJ,SWZ-GRJ-ECONOMY,16
SWZ,GRJ,SWZ-GRJ-EXPRESS,15
SWZ,ZAY,SWZ-ZAY-ECONOMY,7
SWZ,ZAY,SWZ-ZAY-EXPRESS,7
SWZ,KIM,SWZ-KIM-ECONOMY,11
SWZ,KIM,SWZ-KIM-EXPRESS,11
SWZ,KXE,SWZ-KXE-ECONOMY,9
SWZ,KXE,SWZ-KXE-EXPRESS,9
SWZ,SWZ,SWZ-SWZ-ECONOMY,4
SWZ,SWZ,SWZ-SWZ-EXPRESS,4
SWZ,LSO,SWZ-LSO-ECONOMY,13
SWZ,LSO,SWZ-LSO-EXPRESS,13
SWZ,SWZ,SWZ-SWZ-ECONOMY,4
SWZ,SWZ,SWZ-SWZ-EXPRESS,4
SWZ,NCS,SWZ-NCS-ECONOMY,10
SWZ,NCS,SWZ-NCS-EXPRESS,10
SWZ,NLP,SWZ-NLP-ECONOMY,10
SWZ,NLP,SWZ-NLP-EXPRESS,10
SWZ,PLZ,SWZ-PLZ-ECONOMY,13
SWZ,PLZ,SWZ-PLZ-EXPRESS,13
SWZ,ZCK,SWZ-ZCK-ECONOMY,13
SWZ,ZCK,SWZ-ZCK-EXPRESS,13
SWZ,POL,SWZ-POL-ECONOMY,10
SWZ,POL,SWZ-POL-EXPRESS,10
SWZ,PZB,SWZ-PZB-ECONOMY,8
SWZ,PZB,SWZ-PZB-EXPRESS,8
SWZ,RSB,SWZ-RSB-ECONOMY,9
SWZ,RSB,SWZ-RSB-EXPRESS,9
SWZ,UTN,SWZ-UTN-ECONOMY,12
SWZ,UTN,SWZ-UTN-EXPRESS,12
SWZ,UTT,SWZ-UTT-ECONOMY,12
SWZ,UTT,SWZ-UTT-EXPRESS,12
SWZ,VDB,SWZ-VDB-ECONOMY,17
SWZ,VDB,SWZ-VDB-EXPRESS,17
SWZ,NAM,SWZ-NAM-ECONOMY,14
SWZ,NAM,SWZ-NAM-EXPRESS,14
SWZ,WIT,SWZ-WIT-ECONOMY,9
SWZ,WIT,SWZ-WIT-EXPRESS,9
LSO,BTH,LSO-BTH-ECONOMY,15
LSO,BTH,LSO-BTH-EXPRESS,15
LSO,BFN,LSO-BFN-ECONOMY,6
LSO,BFN,LSO-BFN-EXPRESS,6
LSO,CDO,LSO-CDO-ECONOMY,13
LSO,CDO,LSO-CDO-EXPRESS,13
LSO,CPT,LSO-CPT-ECONOMY,18
LSO,CPT,LSO-CPT-EXPRESS,17
LSO,DUR,LSO-DUR-ECONOMY,14
LSO,DUR,LSO-DUR-EXPRESS,14
LSO,ELS,LSO-ELS-ECONOMY,13
LSO,ELS,LSO-ELS-EXPRESS,13
LSO,EMG,LSO-EMG-ECONOMY,16
LSO,EMG,LSO-EMG-EXPRESS,16
LSO,BWA,LSO-BWA-ECONOMY,13
LSO,BWA,LSO-BWA-EXPRESS,13
LSO,GRJ,LSO-GRJ-ECONOMY,14
LSO,GRJ,LSO-GRJ-EXPRESS,14
LSO,ZAY,LSO-ZAY-ECONOMY,10
LSO,ZAY,LSO-ZAY-EXPRESS,10
LSO,KIM,LSO-KIM-ECONOMY,14
LSO,KIM,LSO-KIM-EXPRESS,14
LSO,KXE,LSO-KXE-ECONOMY,12
LSO,KXE,LSO-KXE-EXPRESS,12
LSO,SWZ,LSO-SWZ-ECONOMY,13
LSO,SWZ,LSO-SWZ-EXPRESS,13
LSO,LSO,LSO-LSO-ECONOMY,4
LSO,LSO,LSO-LSO-EXPRESS,4
LSO,SWZ,LSO-SWZ-ECONOMY,13
LSO,SWZ,LSO-SWZ-EXPRESS,13
LSO,NCS,LSO-NCS-ECONOMY,13
LSO,NCS,LSO-NCS-EXPRESS,13
LSO,NLP,LSO-NLP-ECONOMY,13
LSO,NLP,LSO-NLP-EXPRESS,13
LSO,PLZ,LSO-PLZ-ECONOMY,13
LSO,PLZ,LSO-PLZ-EXPRESS,13
LSO,ZCK,LSO-ZCK-ECONOMY,16
LSO,ZCK,LSO-ZCK-EXPRESS,16
LSO,POL,LSO-POL-ECONOMY,13
LSO,POL,LSO-POL-EXPRESS,13
LSO,PZB,LSO-PZB-ECONOMY,11
LSO,PZB,LSO-PZB-EXPRESS,11
LSO,RSB,LSO-RSB-ECONOMY,12
LSO,RSB,LSO-RSB-EXPRESS,12
LSO,UTN,LSO-UTN-ECONOMY,15
LSO,UTN,LSO-UTN-EXPRESS,15
LSO,UTT,LSO-UTT-ECONOMY,13
LSO,UTT,LSO-UTT-EXPRESS,13
LSO,VDB,LSO-VDB-ECONOMY,17
LSO,VDB,LSO-VDB-EXPRESS,16
LSO,NAM,LSO-NAM-ECONOMY,17
LSO,NAM,LSO-NAM-EXPRESS,17
LSO,WIT,LSO-WIT-ECONOMY,12
LSO,WIT,LSO-WIT-EXPRESS,12
SWZ,BTH,SWZ-BTH-ECONOMY,13
SWZ,BTH,SWZ-BTH-EXPRESS,13
SWZ,BFN,SWZ-BFN-ECONOMY,11
SWZ,BFN,SWZ-BFN-EXPRESS,11
SWZ,CDO,SWZ-CDO-ECONOMY,15
SWZ,CDO,SWZ-CDO-EXPRESS,15
SWZ,CPT,SWZ-CPT-ECONOMY,15
SWZ,CPT,SWZ-CPT-EXPRESS,15
SWZ,DUR,SWZ-DUR-ECONOMY,11
SWZ,DUR,SWZ-DUR-EXPRESS,11
SWZ,ELS,SWZ-ELS-ECONOMY,12
SWZ,ELS,SWZ-ELS-EXPRESS,12
SWZ,EMG,SWZ-EMG-ECONOMY,13
SWZ,EMG,SWZ-EMG-EXPRESS,13
SWZ,BWA,SWZ-BWA-ECONOMY,10
SWZ,BWA,SWZ-BWA-EXPRESS,10
SWZ,GRJ,SWZ-GRJ-ECONOMY,16
SWZ,GRJ,SWZ-GRJ-EXPRESS,15
SWZ,ZAY,SWZ-ZAY-ECONOMY,7
SWZ,ZAY,SWZ-ZAY-EXPRESS,7
SWZ,KIM,SWZ-KIM-ECONOMY,11
SWZ,KIM,SWZ-KIM-EXPRESS,11
SWZ,KXE,SWZ-KXE-ECONOMY,9
SWZ,KXE,SWZ-KXE-EXPRESS,9
SWZ,SWZ,SWZ-SWZ-ECONOMY,4
SWZ,SWZ,SWZ-SWZ-EXPRESS,4
SWZ,LSO,SWZ-LSO-ECONOMY,13
SWZ,LSO,SWZ-LSO-EXPRESS,13
SWZ,SWZ,SWZ-SWZ-ECONOMY,4
SWZ,SWZ,SWZ-SWZ-EXPRESS,4
SWZ,NCS,SWZ-NCS-ECONOMY,10
SWZ,NCS,SWZ-NCS-EXPRESS,10
SWZ,NLP,SWZ-NLP-ECONOMY,10
SWZ,NLP,SWZ-NLP-EXPRESS,10
SWZ,PLZ,SWZ-PLZ-ECONOMY,13
SWZ,PLZ,SWZ-PLZ-EXPRESS,13
SWZ,ZCK,SWZ-ZCK-ECONOMY,13
SWZ,ZCK,SWZ-ZCK-EXPRESS,13
SWZ,POL,SWZ-POL-ECONOMY,10
SWZ,POL,SWZ-POL-EXPRESS,10
SWZ,RSB,SWZ-RSB-ECONOMY,9
SWZ,RSB,SWZ-RSB-EXPRESS,9
SWZ,UTN,SWZ-UTN-ECONOMY,12
SWZ,UTN,SWZ-UTN-EXPRESS,12
SWZ,VDB,SWZ-VDB-ECONOMY,17
SWZ,VDB,SWZ-VDB-EXPRESS,17
SWZ,NAM,SWZ-NAM-ECONOMY,14
SWZ,NAM,SWZ-NAM-EXPRESS,14
SWZ,WIT,SWZ-WIT-ECONOMY,9
SWZ,WIT,SWZ-WIT-EXPRESS,9
NCS,BTH,NCS-BTH-ECONOMY,7
NCS,BTH,NCS-BTH-EXPRESS,7
NCS,BFN,NCS-BFN-ECONOMY,8
NCS,BFN,NCS-BFN-EXPRESS,8
NCS,CDO,NCS-CDO-ECONOMY,12
NCS,CDO,NCS-CDO-EXPRESS,12
NCS,CPT,NCS-CPT-ECONOMY,12
NCS,CPT,NCS-CPT-EXPRESS,12
NCS,DUR,NCS-DUR-ECONOMY,8
NCS,DUR,NCS-DUR-EXPRESS,8
NCS,ELS,NCS-ELS-ECONOMY,9
NCS,ELS,NCS-ELS-EXPRESS,9
NCS,EMG,NCS-EMG-ECONOMY,10
NCS,EMG,NCS-EMG-EXPRESS,10
NCS,BWA,NCS-BWA-ECONOMY,10
NCS,BWA,NCS-BWA-EXPRESS,10
NCS,GRJ,NCS-GRJ-ECONOMY,13
NCS,GRJ,NCS-GRJ-EXPRESS,11
NCS,ZAY,NCS-ZAY-ECONOMY,4
NCS,ZAY,NCS-ZAY-EXPRESS,4
NCS,KIM,NCS-KIM-ECONOMY,8
NCS,KIM,NCS-KIM-EXPRESS,8
NCS,KXE,NCS-KXE-ECONOMY,6
NCS,KXE,NCS-KXE-EXPRESS,6
NCS,SWZ,NCS-SWZ-ECONOMY,10
NCS,SWZ,NCS-SWZ-EXPRESS,10
NCS,LSO,NCS-LSO-ECONOMY,13
NCS,LSO,NCS-LSO-EXPRESS,13
NCS,SWZ,NCS-SWZ-ECONOMY,10
NCS,SWZ,NCS-SWZ-EXPRESS,10
NCS,NCS,NCS-NCS-ECONOMY,1
NCS,NCS,NCS-NCS-EXPRESS,1
NCS,NLP,NCS-NLP-ECONOMY,7
NCS,NLP,NCS-NLP-EXPRESS,7
NCS,PLZ,NCS-PLZ-ECONOMY,10
NCS,PLZ,NCS-PLZ-EXPRESS,10
NCS,ZCK,NCS-ZCK-ECONOMY,10
NCS,ZCK,NCS-ZCK-EXPRESS,10
NCS,POL,NCS-POL-ECONOMY,7
NCS,POL,NCS-POL-EXPRESS,7
NCS,PZB,NCS-PZB-ECONOMY,8
NCS,PZB,NCS-PZB-EXPRESS,8
NCS,RSB,NCS-RSB-ECONOMY,6
NCS,RSB,NCS-RSB-EXPRESS,6
NCS,UTN,NCS-UTN-ECONOMY,9
NCS,UTN,NCS-UTN-EXPRESS,9
NCS,UTT,NCS-UTT-ECONOMY,12
NCS,UTT,NCS-UTT-EXPRESS,12
NCS,VDB,NCS-VDB-ECONOMY,14
NCS,VDB,NCS-VDB-EXPRESS,14
NCS,NAM,NCS-NAM-ECONOMY,14
NCS,NAM,NCS-NAM-EXPRESS,14
NCS,WIT,NCS-WIT-ECONOMY,6
NCS,WIT,NCS-WIT-EXPRESS,6
NLP,BTH,NLP-BTH-ECONOMY,7
NLP,BTH,NLP-BTH-EXPRESS,7
NLP,BFN,NLP-BFN-ECONOMY,8
NLP,BFN,NLP-BFN-EXPRESS,8
NLP,CDO,NLP-CDO-ECONOMY,12
NLP,CDO,NLP-CDO-EXPRESS,12
NLP,CPT,NLP-CPT-ECONOMY,12
NLP,CPT,NLP-CPT-EXPRESS,12
NLP,DUR,NLP-DUR-ECONOMY,8
NLP,DUR,NLP-DUR-EXPRESS,8
NLP,ELS,NLP-ELS-ECONOMY,9
NLP,ELS,NLP-ELS-EXPRESS,9
NLP,EMG,NLP-EMG-ECONOMY,10
NLP,EMG,NLP-EMG-EXPRESS,10
NLP,BWA,NLP-BWA-ECONOMY,10
NLP,BWA,NLP-BWA-EXPRESS,10
NLP,GRJ,NLP-GRJ-ECONOMY,13
NLP,GRJ,NLP-GRJ-EXPRESS,11
NLP,ZAY,NLP-ZAY-ECONOMY,4
NLP,ZAY,NLP-ZAY-EXPRESS,4
NLP,KIM,NLP-KIM-ECONOMY,8
NLP,KIM,NLP-KIM-EXPRESS,8
NLP,KXE,NLP-KXE-ECONOMY,6
NLP,KXE,NLP-KXE-EXPRESS,6
NLP,SWZ,NLP-SWZ-ECONOMY,10
NLP,SWZ,NLP-SWZ-EXPRESS,10
NLP,LSO,NLP-LSO-ECONOMY,13
NLP,LSO,NLP-LSO-EXPRESS,13
NLP,SWZ,NLP-SWZ-ECONOMY,10
NLP,SWZ,NLP-SWZ-EXPRESS,10
NLP,NCS,NLP-NCS-ECONOMY,7
NLP,NCS,NLP-NCS-EXPRESS,7
NLP,NLP,NLP-NLP-ECONOMY,1
NLP,NLP,NLP-NLP-EXPRESS,1
NLP,PLZ,NLP-PLZ-ECONOMY,10
NLP,PLZ,NLP-PLZ-EXPRESS,10
NLP,ZCK,NLP-ZCK-ECONOMY,10
NLP,ZCK,NLP-ZCK-EXPRESS,10
NLP,POL,NLP-POL-ECONOMY,7
NLP,POL,NLP-POL-EXPRESS,7
NLP,PZB,NLP-PZB-ECONOMY,8
NLP,PZB,NLP-PZB-EXPRESS,8
NLP,RSB,NLP-RSB-ECONOMY,6
NLP,RSB,NLP-RSB-EXPRESS,6
NLP,UTN,NLP-UTN-ECONOMY,9
NLP,UTN,NLP-UTN-EXPRESS,9
NLP,UTT,NLP-UTT-ECONOMY,12
NLP,UTT,NLP-UTT-EXPRESS,12
NLP,VDB,NLP-VDB-ECONOMY,14
NLP,VDB,NLP-VDB-EXPRESS,14
NLP,NAM,NLP-NAM-ECONOMY,14
NLP,NAM,NLP-NAM-EXPRESS,14
NLP,WIT,NLP-WIT-ECONOMY,6
NLP,WIT,NLP-WIT-EXPRESS,6
PLZ,BTH,PLZ-BTH-ECONOMY,10
PLZ,BTH,PLZ-BTH-EXPRESS,10
PLZ,BFN,PLZ-BFN-ECONOMY,5
PLZ,BFN,PLZ-BFN-EXPRESS,5
PLZ,CDO,PLZ-CDO-ECONOMY,3
PLZ,CDO,PLZ-CDO-EXPRESS,3
PLZ,CPT,PLZ-CPT-ECONOMY,6
PLZ,CPT,PLZ-CPT-EXPRESS,6
PLZ,DUR,PLZ-DUR-ECONOMY,11
PLZ,DUR,PLZ-DUR-EXPRESS,6
PLZ,ELS,PLZ-ELS-ECONOMY,4
PLZ,ELS,PLZ-ELS-EXPRESS,4
PLZ,EMG,PLZ-EMG-ECONOMY,13
PLZ,EMG,PLZ-EMG-EXPRESS,8
PLZ,BWA,PLZ-BWA-ECONOMY,13
PLZ,BWA,PLZ-BWA-EXPRESS,13
PLZ,GRJ,PLZ-GRJ-ECONOMY,4
PLZ,GRJ,PLZ-GRJ-EXPRESS,4
PLZ,ZAY,PLZ-ZAY-ECONOMY,7
PLZ,ZAY,PLZ-ZAY-EXPRESS,7
PLZ,KIM,PLZ-KIM-ECONOMY,11
PLZ,KIM,PLZ-KIM-EXPRESS,11
PLZ,KXE,PLZ-KXE-ECONOMY,9
PLZ,KXE,PLZ-KXE-EXPRESS,9
PLZ,SWZ,PLZ-SWZ-ECONOMY,13
PLZ,SWZ,PLZ-SWZ-EXPRESS,13
PLZ,LSO,PLZ-LSO-ECONOMY,12
PLZ,LSO,PLZ-LSO-EXPRESS,12
PLZ,SWZ,PLZ-SWZ-ECONOMY,13
PLZ,SWZ,PLZ-SWZ-EXPRESS,13
PLZ,NCS,PLZ-NCS-ECONOMY,10
PLZ,NCS,PLZ-NCS-EXPRESS,10
PLZ,NLP,PLZ-NLP-ECONOMY,10
PLZ,NLP,PLZ-NLP-EXPRESS,10
PLZ,PLZ,PLZ-PLZ-ECONOMY,1
PLZ,PLZ,PLZ-PLZ-EXPRESS,1
PLZ,ZCK,PLZ-ZCK-ECONOMY,13
PLZ,ZCK,PLZ-ZCK-EXPRESS,8
PLZ,POL,PLZ-POL-ECONOMY,10
PLZ,POL,PLZ-POL-EXPRESS,10
PLZ,PZB,PLZ-PZB-ECONOMY,11
PLZ,PZB,PLZ-PZB-EXPRESS,11
PLZ,RSB,PLZ-RSB-ECONOMY,9
PLZ,RSB,PLZ-RSB-EXPRESS,9
PLZ,UTN,PLZ-UTN-ECONOMY,12
PLZ,UTN,PLZ-UTN-EXPRESS,12
PLZ,UTT,PLZ-UTT-ECONOMY,7
PLZ,UTT,PLZ-UTT-EXPRESS,7
PLZ,VDB,PLZ-VDB-ECONOMY,8
PLZ,VDB,PLZ-VDB-EXPRESS,8
PLZ,NAM,PLZ-NAM-ECONOMY,17
PLZ,NAM,PLZ-NAM-EXPRESS,17
PLZ,WIT,PLZ-WIT-ECONOMY,9
PLZ,WIT,PLZ-WIT-EXPRESS,9
ZCK,BTH,ZCK-BTH-ECONOMY,10
ZCK,BTH,ZCK-BTH-EXPRESS,10
ZCK,BFN,ZCK-BFN-ECONOMY,11
ZCK,BFN,ZCK-BFN-EXPRESS,11
ZCK,CDO,ZCK-CDO-ECONOMY,10
ZCK,CDO,ZCK-CDO-EXPRESS,10
ZCK,CPT,ZCK-CPT-ECONOMY,11
ZCK,CPT,ZCK-CPT-EXPRESS,11
ZCK,DUR,ZCK-DUR-ECONOMY,3
ZCK,DUR,ZCK-DUR-EXPRESS,3
ZCK,ELS,ZCK-ELS-ECONOMY,7
ZCK,ELS,ZCK-ELS-EXPRESS,7
ZCK,EMG,ZCK-EMG-ECONOMY,5
ZCK,EMG,ZCK-EMG-EXPRESS,5
ZCK,BWA,ZCK-BWA-ECONOMY,13
ZCK,BWA,ZCK-BWA-EXPRESS,13
ZCK,GRJ,ZCK-GRJ-ECONOMY,11
ZCK,GRJ,ZCK-GRJ-EXPRESS,9
ZCK,ZAY,ZCK-ZAY-ECONOMY,7
ZCK,ZAY,ZCK-ZAY-EXPRESS,7
ZCK,KIM,ZCK-KIM-ECONOMY,11
ZCK,KIM,ZCK-KIM-EXPRESS,11
ZCK,KXE,ZCK-KXE-ECONOMY,9
ZCK,KXE,ZCK-KXE-EXPRESS,9
ZCK,SWZ,ZCK-SWZ-ECONOMY,13
ZCK,SWZ,ZCK-SWZ-EXPRESS,13
ZCK,LSO,ZCK-LSO-ECONOMY,16
ZCK,LSO,ZCK-LSO-EXPRESS,16
ZCK,SWZ,ZCK-SWZ-ECONOMY,13
ZCK,SWZ,ZCK-SWZ-EXPRESS,13
ZCK,NCS,ZCK-NCS-ECONOMY,10
ZCK,NCS,ZCK-NCS-EXPRESS,10
ZCK,NLP,ZCK-NLP-ECONOMY,10
ZCK,NLP,ZCK-NLP-EXPRESS,10
ZCK,PLZ,ZCK-PLZ-ECONOMY,8
ZCK,PLZ,ZCK-PLZ-EXPRESS,8
ZCK,ZCK,ZCK-ZCK-ECONOMY,1
ZCK,ZCK,ZCK-ZCK-EXPRESS,1
ZCK,POL,ZCK-POL-ECONOMY,10
ZCK,POL,ZCK-POL-EXPRESS,10
ZCK,PZB,ZCK-PZB-ECONOMY,5
ZCK,PZB,ZCK-PZB-EXPRESS,5
ZCK,RSB,ZCK-RSB-ECONOMY,9
ZCK,RSB,ZCK-RSB-EXPRESS,9
ZCK,UTN,ZCK-UTN-ECONOMY,12
ZCK,UTN,ZCK-UTN-EXPRESS,12
ZCK,UTT,ZCK-UTT-ECONOMY,10
ZCK,UTT,ZCK-UTT-EXPRESS,10
ZCK,VDB,ZCK-VDB-ECONOMY,13
ZCK,VDB,ZCK-VDB-EXPRESS,13
ZCK,NAM,ZCK-NAM-ECONOMY,17
ZCK,NAM,ZCK-NAM-EXPRESS,17
ZCK,WIT,ZCK-WIT-ECONOMY,9
ZCK,WIT,ZCK-WIT-EXPRESS,9
POL,BTH,POL-BTH-ECONOMY,7
POL,BTH,POL-BTH-EXPRESS,7
POL,BFN,POL-BFN-ECONOMY,8
POL,BFN,POL-BFN-EXPRESS,8
POL,CDO,POL-CDO-ECONOMY,12
POL,CDO,POL-CDO-EXPRESS,12
POL,CPT,POL-CPT-ECONOMY,12
POL,CPT,POL-CPT-EXPRESS,12
POL,DUR,POL-DUR-ECONOMY,8
POL,DUR,POL-DUR-EXPRESS,8
POL,ELS,POL-ELS-ECONOMY,9
POL,ELS,POL-ELS-EXPRESS,9
POL,EMG,POL-EMG-ECONOMY,10
POL,EMG,POL-EMG-EXPRESS,10
POL,BWA,POL-BWA-ECONOMY,10
POL,BWA,POL-BWA-EXPRESS,10
POL,GRJ,POL-GRJ-ECONOMY,13
POL,GRJ,POL-GRJ-EXPRESS,11
POL,ZAY,POL-ZAY-ECONOMY,4
POL,ZAY,POL-ZAY-EXPRESS,4
POL,KIM,POL-KIM-ECONOMY,8
POL,KIM,POL-KIM-EXPRESS,8
POL,KXE,POL-KXE-ECONOMY,6
POL,KXE,POL-KXE-EXPRESS,6
POL,SWZ,POL-SWZ-ECONOMY,10
POL,SWZ,POL-SWZ-EXPRESS,10
POL,LSO,POL-LSO-ECONOMY,13
POL,LSO,POL-LSO-EXPRESS,13
POL,SWZ,POL-SWZ-ECONOMY,10
POL,SWZ,POL-SWZ-EXPRESS,10
POL,NCS,POL-NCS-ECONOMY,7
POL,NCS,POL-NCS-EXPRESS,7
POL,NLP,POL-NLP-ECONOMY,7
POL,NLP,POL-NLP-EXPRESS,7
POL,PLZ,POL-PLZ-ECONOMY,10
POL,PLZ,POL-PLZ-EXPRESS,10
POL,ZCK,POL-ZCK-ECONOMY,10
POL,ZCK,POL-ZCK-EXPRESS,10
POL,POL,POL-POL-ECONOMY,1
POL,POL,POL-POL-EXPRESS,1
POL,PZB,POL-PZB-ECONOMY,8
POL,PZB,POL-PZB-EXPRESS,8
POL,RSB,POL-RSB-ECONOMY,6
POL,RSB,POL-RSB-EXPRESS,6
POL,UTN,POL-UTN-ECONOMY,9
POL,UTN,POL-UTN-EXPRESS,9
POL,UTT,POL-UTT-ECONOMY,12
POL,UTT,POL-UTT-EXPRESS,12
POL,VDB,POL-VDB-ECONOMY,14
POL,VDB,POL-VDB-EXPRESS,14
POL,NAM,POL-NAM-ECONOMY,14
POL,NAM,POL-NAM-EXPRESS,14
POL,WIT,POL-WIT-ECONOMY,6
POL,WIT,POL-WIT-EXPRESS,6
PZB,BTH,PZB-BTH-ECONOMY,8
PZB,BTH,PZB-BTH-EXPRESS,8
PZB,BFN,PZB-BFN-ECONOMY,9
PZB,BFN,PZB-BFN-EXPRESS,7
PZB,CDO,PZB-CDO-ECONOMY,10
PZB,CDO,PZB-CDO-EXPRESS,10
PZB,CPT,PZB-CPT-ECONOMY,11
PZB,CPT,PZB-CPT-EXPRESS,11
PZB,DUR,PZB-DUR-ECONOMY,3
PZB,DUR,PZB-DUR-EXPRESS,3
PZB,ELS,PZB-ELS-ECONOMY,7
PZB,ELS,PZB-ELS-EXPRESS,7
PZB,EMG,PZB-EMG-ECONOMY,5
PZB,EMG,PZB-EMG-EXPRESS,5
PZB,BWA,PZB-BWA-ECONOMY,8
PZB,BWA,PZB-BWA-EXPRESS,8
PZB,GRJ,PZB-GRJ-ECONOMY,11
PZB,GRJ,PZB-GRJ-EXPRESS,9
PZB,ZAY,PZB-ZAY-ECONOMY,5
PZB,ZAY,PZB-ZAY-EXPRESS,5
PZB,KIM,PZB-KIM-ECONOMY,9
PZB,KIM,PZB-KIM-EXPRESS,9
PZB,KXE,PZB-KXE-ECONOMY,7
PZB,KXE,PZB-KXE-EXPRESS,7
PZB,SWZ,PZB-SWZ-ECONOMY,8
PZB,SWZ,PZB-SWZ-EXPRESS,8
PZB,LSO,PZB-LSO-ECONOMY,11
PZB,LSO,PZB-LSO-EXPRESS,11
PZB,NCS,PZB-NCS-ECONOMY,8
PZB,NCS,PZB-NCS-EXPRESS,8
PZB,NLP,PZB-NLP-ECONOMY,8
PZB,NLP,PZB-NLP-EXPRESS,8
PZB,PLZ,PZB-PLZ-ECONOMY,8
PZB,PLZ,PZB-PLZ-EXPRESS,8
PZB,ZCK,PZB-ZCK-ECONOMY,5
PZB,ZCK,PZB-ZCK-EXPRESS,5
PZB,POL,PZB-POL-ECONOMY,8
PZB,POL,PZB-POL-EXPRESS,8
PZB,PZB,PZB-PZB-ECONOMY,1
PZB,PZB,PZB-PZB-EXPRESS,1
PZB,RSB,PZB-RSB-ECONOMY,7
PZB,RSB,PZB-RSB-EXPRESS,7
PZB,UTN,PZB-UTN-ECONOMY,10
PZB,UTN,PZB-UTN-EXPRESS,10
PZB,UTT,PZB-UTT-ECONOMY,10
PZB,UTT,PZB-UTT-EXPRESS,10
PZB,VDB,PZB-VDB-ECONOMY,13
PZB,VDB,PZB-VDB-EXPRESS,13
PZB,NAM,PZB-NAM-ECONOMY,12
PZB,NAM,PZB-NAM-EXPRESS,12
PZB,WIT,PZB-WIT-ECONOMY,7
PZB,WIT,PZB-WIT-EXPRESS,7
RSB,BTH,RSB-BTH-ECONOMY,6
RSB,BTH,RSB-BTH-EXPRESS,6
RSB,BFN,RSB-BFN-ECONOMY,7
RSB,BFN,RSB-BFN-EXPRESS,7
RSB,CDO,RSB-CDO-ECONOMY,11
RSB,CDO,RSB-CDO-EXPRESS,11
RSB,CPT,RSB-CPT-ECONOMY,11
RSB,CPT,RSB-CPT-EXPRESS,11
RSB,DUR,RSB-DUR-ECONOMY,7
RSB,DUR,RSB-DUR-EXPRESS,7
RSB,ELS,RSB-ELS-ECONOMY,8
RSB,ELS,RSB-ELS-EXPRESS,8
RSB,EMG,RSB-EMG-ECONOMY,9
RSB,EMG,RSB-EMG-EXPRESS,9
RSB,BWA,RSB-BWA-ECONOMY,9
RSB,BWA,RSB-BWA-EXPRESS,9
RSB,GRJ,RSB-GRJ-ECONOMY,12
RSB,GRJ,RSB-GRJ-EXPRESS,10
RSB,ZAY,RSB-ZAY-ECONOMY,3
RSB,ZAY,RSB-ZAY-EXPRESS,3
RSB,KIM,RSB-KIM-ECONOMY,7
RSB,KIM,RSB-KIM-EXPRESS,7
RSB,KXE,RSB-KXE-ECONOMY,5
RSB,KXE,RSB-KXE-EXPRESS,5
RSB,SWZ,RSB-SWZ-ECONOMY,9
RSB,SWZ,RSB-SWZ-EXPRESS,9
RSB,LSO,RSB-LSO-ECONOMY,12
RSB,LSO,RSB-LSO-EXPRESS,12
RSB,SWZ,RSB-SWZ-ECONOMY,9
RSB,SWZ,RSB-SWZ-EXPRESS,9
RSB,NCS,RSB-NCS-ECONOMY,6
RSB,NCS,RSB-NCS-EXPRESS,6
RSB,NLP,RSB-NLP-ECONOMY,6
RSB,NLP,RSB-NLP-EXPRESS,6
RSB,PLZ,RSB-PLZ-ECONOMY,9
RSB,PLZ,RSB-PLZ-EXPRESS,9
RSB,ZCK,RSB-ZCK-ECONOMY,9
RSB,ZCK,RSB-ZCK-EXPRESS,9
RSB,POL,RSB-POL-ECONOMY,6
RSB,POL,RSB-POL-EXPRESS,6
RSB,PZB,RSB-PZB-ECONOMY,7
RSB,PZB,RSB-PZB-EXPRESS,7
RSB,RSB,RSB-RSB-ECONOMY,1
RSB,RSB,RSB-RSB-EXPRESS,1
RSB,UTN,RSB-UTN-ECONOMY,8
RSB,UTN,RSB-UTN-EXPRESS,8
RSB,UTT,RSB-UTT-ECONOMY,11
RSB,UTT,RSB-UTT-EXPRESS,11
RSB,VDB,RSB-VDB-ECONOMY,13
RSB,VDB,RSB-VDB-EXPRESS,13
RSB,NAM,RSB-NAM-ECONOMY,13
RSB,NAM,RSB-NAM-EXPRESS,13
RSB,WIT,RSB-WIT-ECONOMY,5
RSB,WIT,RSB-WIT-EXPRESS,5
UTN,BTH,UTN-BTH-ECONOMY,9
UTN,BTH,UTN-BTH-EXPRESS,9
UTN,BFN,UTN-BFN-ECONOMY,10
UTN,BFN,UTN-BFN-EXPRESS,10
UTN,CDO,UTN-CDO-ECONOMY,14
UTN,CDO,UTN-CDO-EXPRESS,14
UTN,CPT,UTN-CPT-ECONOMY,14
UTN,CPT,UTN-CPT-EXPRESS,14
UTN,DUR,UTN-DUR-ECONOMY,10
UTN,DUR,UTN-DUR-EXPRESS,10
UTN,ELS,UTN-ELS-ECONOMY,11
UTN,ELS,UTN-ELS-EXPRESS,11
UTN,EMG,UTN-EMG-ECONOMY,12
UTN,EMG,UTN-EMG-EXPRESS,12
UTN,BWA,UTN-BWA-ECONOMY,12
UTN,BWA,UTN-BWA-EXPRESS,12
UTN,GRJ,UTN-GRJ-ECONOMY,15
UTN,GRJ,UTN-GRJ-EXPRESS,13
UTN,ZAY,UTN-ZAY-ECONOMY,6
UTN,ZAY,UTN-ZAY-EXPRESS,6
UTN,KIM,UTN-KIM-ECONOMY,10
UTN,KIM,UTN-KIM-EXPRESS,10
UTN,KXE,UTN-KXE-ECONOMY,8
UTN,KXE,UTN-KXE-EXPRESS,8
UTN,SWZ,UTN-SWZ-ECONOMY,12
UTN,SWZ,UTN-SWZ-EXPRESS,12
UTN,LSO,UTN-LSO-ECONOMY,15
UTN,LSO,UTN-LSO-EXPRESS,15
UTN,SWZ,UTN-SWZ-ECONOMY,12
UTN,SWZ,UTN-SWZ-EXPRESS,12
UTN,NCS,UTN-NCS-ECONOMY,9
UTN,NCS,UTN-NCS-EXPRESS,9
UTN,NLP,UTN-NLP-ECONOMY,9
UTN,NLP,UTN-NLP-EXPRESS,9
UTN,PLZ,UTN-PLZ-ECONOMY,12
UTN,PLZ,UTN-PLZ-EXPRESS,12
UTN,ZCK,UTN-ZCK-ECONOMY,12
UTN,ZCK,UTN-ZCK-EXPRESS,12
UTN,POL,UTN-POL-ECONOMY,9
UTN,POL,UTN-POL-EXPRESS,9
UTN,PZB,UTN-PZB-ECONOMY,10
UTN,PZB,UTN-PZB-EXPRESS,10
UTN,RSB,UTN-RSB-ECONOMY,8
UTN,RSB,UTN-RSB-EXPRESS,8
UTN,UTN,UTN-UTN-ECONOMY,1
UTN,UTN,UTN-UTN-EXPRESS,1
UTN,UTT,UTN-UTT-ECONOMY,14
UTN,UTT,UTN-UTT-EXPRESS,14
UTN,VDB,UTN-VDB-ECONOMY,16
UTN,VDB,UTN-VDB-EXPRESS,16
UTN,NAM,UTN-NAM-ECONOMY,16
UTN,NAM,UTN-NAM-EXPRESS,16
UTN,WIT,UTN-WIT-ECONOMY,8
UTN,WIT,UTN-WIT-EXPRESS,8
UTT,BTH,UTT-BTH-ECONOMY,12
UTT,BTH,UTT-BTH-EXPRESS,12
UTT,BFN,UTT-BFN-ECONOMY,8
UTT,BFN,UTT-BFN-EXPRESS,8
UTT,CDO,UTT-CDO-ECONOMY,9
UTT,CDO,UTT-CDO-EXPRESS,9
UTT,CPT,UTT-CPT-ECONOMY,12
UTT,CPT,UTT-CPT-EXPRESS,10
UTT,DUR,UTT-DUR-ECONOMY,8
UTT,DUR,UTT-DUR-EXPRESS,8
UTT,ELS,UTT-ELS-ECONOMY,4
UTT,ELS,UTT-ELS-EXPRESS,4
UTT,EMG,UTT-EMG-ECONOMY,10
UTT,EMG,UTT-EMG-EXPRESS,10
UTT,BWA,UTT-BWA-ECONOMY,12
UTT,BWA,UTT-BWA-EXPRESS,12
UTT,GRJ,UTT-GRJ-ECONOMY,10
UTT,GRJ,UTT-GRJ-EXPRESS,10
UTT,ZAY,UTT-ZAY-ECONOMY,9
UTT,ZAY,UTT-ZAY-EXPRESS,9
UTT,KIM,UTT-KIM-ECONOMY,13
UTT,KIM,UTT-KIM-EXPRESS,13
UTT,KXE,UTT-KXE-ECONOMY,11
UTT,KXE,UTT-KXE-EXPRESS,11
UTT,SWZ,UTT-SWZ-ECONOMY,12
UTT,SWZ,UTT-SWZ-EXPRESS,12
UTT,LSO,UTT-LSO-ECONOMY,12
UTT,LSO,UTT-LSO-EXPRESS,12
UTT,NCS,UTT-NCS-ECONOMY,12
UTT,NCS,UTT-NCS-EXPRESS,12
UTT,NLP,UTT-NLP-ECONOMY,12
UTT,NLP,UTT-NLP-EXPRESS,12
UTT,PLZ,UTT-PLZ-ECONOMY,7
UTT,PLZ,UTT-PLZ-EXPRESS,7
UTT,ZCK,UTT-ZCK-ECONOMY,10
UTT,ZCK,UTT-ZCK-EXPRESS,10
UTT,POL,UTT-POL-ECONOMY,12
UTT,POL,UTT-POL-EXPRESS,12
UTT,PZB,UTT-PZB-ECONOMY,10
UTT,PZB,UTT-PZB-ECONOMY,10
UTT,RSB,UTT-RSB-ECONOMY,11
UTT,RSB,UTT-RSB-EXPRESS,11
UTT,UTN,UTT-UTN-ECONOMY,14
UTT,UTN,UTT-UTN-EXPRESS,14
UTT,UTT,UTT-UTT-ECONOMY,1
UTT,UTT,UTT-UTT-EXPRESS,1
UTT,VDB,UTT-VDB-ECONOMY,12
UTT,VDB,UTT-VDB-EXPRESS,12
UTT,NAM,UTT-NAM-ECONOMY,16
UTT,NAM,UTT-NAM-EXPRESS,16
UTT,WIT,UTT-WIT-ECONOMY,11
UTT,WIT,UTT-WIT-EXPRESS,11
VDB,BTH,VDB-BTH-ECONOMY,14
VDB,BTH,VDB-BTH-EXPRESS,12
VDB,BFN,VDB-BFN-ECONOMY,15
VDB,BFN,VDB-BFN-EXPRESS,9
VDB,CDO,VDB-CDO-ECONOMY,10
VDB,CDO,VDB-CDO-EXPRESS,10
VDB,CPT,VDB-CPT-ECONOMY,3
VDB,CPT,VDB-CPT-EXPRESS,3
VDB,DUR,VDB-DUR-ECONOMY,11
VDB,DUR,VDB-DUR-EXPRESS,11
VDB,ELS,VDB-ELS-ECONOMY,11
VDB,ELS,VDB-ELS-EXPRESS,9
VDB,EMG,VDB-EMG-ECONOMY,13
VDB,EMG,VDB-EMG-EXPRESS,13
VDB,BWA,VDB-BWA-ECONOMY,17
VDB,BWA,VDB-BWA-EXPRESS,17
VDB,GRJ,VDB-GRJ-ECONOMY,6
VDB,GRJ,VDB-GRJ-EXPRESS,6
VDB,ZAY,VDB-ZAY-ECONOMY,11
VDB,ZAY,VDB-ZAY-EXPRESS,11
VDB,KIM,VDB-KIM-ECONOMY,15
VDB,KIM,VDB-KIM-EXPRESS,15
VDB,KXE,VDB-KXE-ECONOMY,13
VDB,KXE,VDB-KXE-EXPRESS,13
VDB,SWZ,VDB-SWZ-ECONOMY,17
VDB,SWZ,VDB-SWZ-EXPRESS,17
VDB,LSO,VDB-LSO-ECONOMY,17
VDB,LSO,VDB-LSO-EXPRESS,16
VDB,SWZ,VDB-SWZ-ECONOMY,17
VDB,SWZ,VDB-SWZ-EXPRESS,17
VDB,NCS,VDB-NCS-ECONOMY,14
VDB,NCS,VDB-NCS-EXPRESS,14
VDB,NLP,VDB-NLP-ECONOMY,14
VDB,NLP,VDB-NLP-EXPRESS,14
VDB,PLZ,VDB-PLZ-ECONOMY,8
VDB,PLZ,VDB-PLZ-EXPRESS,8
VDB,ZCK,VDB-ZCK-ECONOMY,13
VDB,ZCK,VDB-ZCK-EXPRESS,13
VDB,POL,VDB-POL-ECONOMY,14
VDB,POL,VDB-POL-EXPRESS,14
VDB,PZB,VDB-PZB-ECONOMY,13
VDB,PZB,VDB-PZB-EXPRESS,13
VDB,RSB,VDB-RSB-ECONOMY,13
VDB,RSB,VDB-RSB-EXPRESS,13
VDB,UTN,VDB-UTN-ECONOMY,16
VDB,UTN,VDB-UTN-EXPRESS,16
VDB,UTT,VDB-UTT-ECONOMY,14
VDB,UTT,VDB-UTT-EXPRESS,12
VDB,VDB,VDB-VDB-ECONOMY,1
VDB,VDB,VDB-VDB-EXPRESS,1
VDB,NAM,VDB-NAM-ECONOMY,21
VDB,NAM,VDB-NAM-EXPRESS,21
VDB,WIT,VDB-WIT-ECONOMY,13
VDB,WIT,VDB-WIT-EXPRESS,13
NAM,BTH,NAM-BTH-ECONOMY,16
NAM,BTH,NAM-BTH-EXPRESS,16
NAM,BFN,NAM-BFN-ECONOMY,15
NAM,BFN,NAM-BFN-EXPRESS,15
NAM,CDO,NAM-CDO-ECONOMY,19
NAM,CDO,NAM-CDO-EXPRESS,19
NAM,CPT,NAM-CPT-ECONOMY,19
NAM,CPT,NAM-CPT-EXPRESS,19
NAM,DUR,NAM-DUR-ECONOMY,15
NAM,DUR,NAM-DUR-EXPRESS,15
NAM,ELS,NAM-ELS-ECONOMY,16
NAM,ELS,NAM-ELS-EXPRESS,16
NAM,EMG,NAM-EMG-ECONOMY,17
NAM,EMG,NAM-EMG-EXPRESS,17
NAM,BWA,NAM-BWA-ECONOMY,14
NAM,BWA,NAM-BWA-EXPRESS,14
NAM,GRJ,NAM-GRJ-ECONOMY,20
NAM,GRJ,NAM-GRJ-EXPRESS,19
NAM,ZAY,NAM-ZAY-ECONOMY,8
NAM,ZAY,NAM-ZAY-EXPRESS,8
NAM,KIM,NAM-KIM-ECONOMY,15
NAM,KIM,NAM-KIM-EXPRESS,15
NAM,KXE,NAM-KXE-ECONOMY,13
NAM,KXE,NAM-KXE-EXPRESS,13
NAM,SWZ,NAM-SWZ-ECONOMY,14
NAM,SWZ,NAM-SWZ-EXPRESS,14
NAM,LSO,NAM-LSO-ECONOMY,17
NAM,LSO,NAM-LSO-EXPRESS,17
NAM,SWZ,NAM-SWZ-ECONOMY,14
NAM,SWZ,NAM-SWZ-EXPRESS,14
NAM,NCS,NAM-NCS-ECONOMY,14
NAM,NCS,NAM-NCS-EXPRESS,14
NAM,NLP,NAM-NLP-ECONOMY,14
NAM,NLP,NAM-NLP-EXPRESS,14
NAM,PLZ,NAM-PLZ-ECONOMY,17
NAM,PLZ,NAM-PLZ-EXPRESS,17
NAM,ZCK,NAM-ZCK-ECONOMY,17
NAM,ZCK,NAM-ZCK-EXPRESS,17
NAM,POL,NAM-POL-ECONOMY,14
NAM,POL,NAM-POL-EXPRESS,14
NAM,PZB,NAM-PZB-ECONOMY,12
NAM,PZB,NAM-PZB-EXPRESS,12
NAM,RSB,NAM-RSB-ECONOMY,13
NAM,RSB,NAM-RSB-EXPRESS,13
NAM,UTN,NAM-UTN-ECONOMY,16
NAM,UTN,NAM-UTN-EXPRESS,16
NAM,UTT,NAM-UTT-ECONOMY,16
NAM,UTT,NAM-UTT-EXPRESS,16
NAM,VDB,NAM-VDB-ECONOMY,21
NAM,VDB,NAM-VDB-EXPRESS,21
NAM,NAM,NAM-NAM-ECONOMY,4
NAM,NAM,NAM-NAM-EXPRESS,4
NAM,WIT,NAM-WIT-ECONOMY,13
NAM,WIT,NAM-WIT-EXPRESS,13
WIT,BTH,WIT-BTH-ECONOMY,6
WIT,BTH,WIT-BTH-EXPRESS,6
WIT,BFN,WIT-BFN-ECONOMY,7
WIT,BFN,WIT-BFN-EXPRESS,7
WIT,CDO,WIT-CDO-ECONOMY,11
WIT,CDO,WIT-CDO-EXPRESS,11
WIT,CPT,WIT-CPT-ECONOMY,11
WIT,CPT,WIT-CPT-EXPRESS,11
WIT,DUR,WIT-DUR-ECONOMY,7
WIT,DUR,WIT-DUR-EXPRESS,7
WIT,ELS,WIT-ELS-ECONOMY,8
WIT,ELS,WIT-ELS-EXPRESS,8
WIT,EMG,WIT-EMG-ECONOMY,9
WIT,EMG,WIT-EMG-EXPRESS,9
WIT,BWA,WIT-BWA-ECONOMY,9
WIT,BWA,WIT-BWA-EXPRESS,9
WIT,GRJ,WIT-GRJ-ECONOMY,12
WIT,GRJ,WIT-GRJ-EXPRESS,10
WIT,ZAY,WIT-ZAY-ECONOMY,3
WIT,ZAY,WIT-ZAY-EXPRESS,3
WIT,KIM,WIT-KIM-ECONOMY,7
WIT,KIM,WIT-KIM-EXPRESS,7
WIT,KXE,WIT-KXE-ECONOMY,5
WIT,KXE,WIT-KXE-EXPRESS,5
WIT,SWZ,WIT-SWZ-ECONOMY,9
WIT,SWZ,WIT-SWZ-EXPRESS,9
WIT,LSO,WIT-LSO-ECONOMY,12
WIT,LSO,WIT-LSO-EXPRESS,12
WIT,SWZ,WIT-SWZ-ECONOMY,9
WIT,SWZ,WIT-SWZ-EXPRESS,9
WIT,NCS,WIT-NCS-ECONOMY,6
WIT,NCS,WIT-NCS-EXPRESS,6
WIT,NLP,WIT-NLP-ECONOMY,6
WIT,NLP,WIT-NLP-EXPRESS,6
WIT,PLZ,WIT-PLZ-ECONOMY,9
WIT,PLZ,WIT-PLZ-EXPRESS,9
WIT,ZCK,WIT-ZCK-ECONOMY,9
WIT,ZCK,WIT-ZCK-EXPRESS,9
WIT,POL,WIT-POL-ECONOMY,6
WIT,POL,WIT-POL-EXPRESS,6
WIT,PZB,WIT-PZB-ECONOMY,7
WIT,PZB,WIT-PZB-EXPRESS,7
WIT,RSB,WIT-RSB-ECONOMY,5
WIT,RSB,WIT-RSB-EXPRESS,5
WIT,UTN,WIT-UTN-ECONOMY,8
WIT,UTN,WIT-UTN-EXPRESS,8
WIT,UTT,WIT-UTT-ECONOMY,11
WIT,UTT,WIT-UTT-EXPRESS,11
WIT,VDB,WIT-VDB-ECONOMY,13
WIT,VDB,WIT-VDB-EXPRESS,13
WIT,NAM,WIT-NAM-ECONOMY,13
WIT,NAM,WIT-NAM-EXPRESS,13
WIT,WIT,WIT-WIT-ECONOMY,1
WIT,WIT,WIT-WIT-EXPRESS,1
BTH,BWA,BTH-BWA-ECONOMY,12
BTH,BWA,BTH-BWA-EXPRESS,12
BFN,BWA,BFN-BWA-ECONOMY,11
BFN,BWA,BFN-BWA-EXPRESS,11
CDO,BWA,CDO-BWA-ECONOMY,15
CDO,BWA,CDO-BWA-EXPRESS,15
CPT,BWA,CPT-BWA-ECONOMY,15
CPT,BWA,CPT-BWA-EXPRESS,15
DUR,BWA,DUR-BWA-ECONOMY,11
DUR,BWA,DUR-BWA-EXPRESS,11
ELS,BWA,ELS-BWA-ECONOMY,12
ELS,BWA,ELS-BWA-EXPRESS,12
EMG,BWA,EMG-BWA-ECONOMY,13
EMG,BWA,EMG-BWA-EXPRESS,13
BWA,BTH,BWA-BTH-ECONOMY,12
BWA,BTH,BWA-BTH-EXPRESS,12
BWA,BFN,BWA-BFN-ECONOMY,11
BWA,BFN,BWA-BFN-EXPRESS,11
BWA,CDO,BWA-CDO-ECONOMY,15
BWA,CDO,BWA-CDO-EXPRESS,15
BWA,CPT,BWA-CPT-ECONOMY,15
BWA,CPT,BWA-CPT-EXPRESS,15
BWA,DUR,BWA-DUR-ECONOMY,11
BWA,DUR,BWA-DUR-EXPRESS,11
BWA,ELS,BWA-ELS-ECONOMY,12
BWA,ELS,BWA-ELS-EXPRESS,12
BWA,EMG,BWA-EMG-ECONOMY,13
BWA,EMG,BWA-EMG-EXPRESS,13
BWA,BWA,BWA-BWA-ECONOMY,4
BWA,BWA,BWA-BWA-EXPRESS,4
BWA,GRJ,BWA-GRJ-ECONOMY,16
BWA,GRJ,BWA-GRJ-EXPRESS,15
BWA,ZAY,BWA-ZAY-ECONOMY,4
BWA,ZAY,BWA-ZAY-EXPRESS,4
BWA,KIM,BWA-KIM-ECONOMY,11
BWA,KIM,BWA-KIM-EXPRESS,11
BWA,KXE,BWA-KXE-ECONOMY,9
BWA,KXE,BWA-KXE-EXPRESS,9
BWA,SWZ,BWA-SWZ-ECONOMY,10
BWA,SWZ,BWA-SWZ-EXPRESS,10
BWA,LSO,BWA-LSO-ECONOMY,13
BWA,LSO,BWA-LSO-EXPRESS,13
BWA,SWZ,BWA-SWZ-ECONOMY,10
BWA,SWZ,BWA-SWZ-EXPRESS,10
BWA,NCS,BWA-NCS-ECONOMY,10
BWA,NCS,BWA-NCS-EXPRESS,10
BWA,NLP,BWA-NLP-ECONOMY,10
BWA,NLP,BWA-NLP-EXPRESS,10
BWA,PLZ,BWA-PLZ-ECONOMY,13
BWA,PLZ,BWA-PLZ-EXPRESS,13
BWA,ZCK,BWA-ZCK-ECONOMY,13
BWA,ZCK,BWA-ZCK-EXPRESS,13
BWA,POL,BWA-POL-ECONOMY,10
BWA,POL,BWA-POL-EXPRESS,10
BWA,PZB,BWA-PZB-ECONOMY,8
BWA,PZB,BWA-PZB-EXPRESS,8
BWA,RSB,BWA-RSB-ECONOMY,9
BWA,RSB,BWA-RSB-EXPRESS,9
BWA,UTN,BWA-UTN-ECONOMY,12
BWA,UTN,BWA-UTN-EXPRESS,12
BWA,UTT,BWA-UTT-ECONOMY,12
BWA,UTT,BWA-UTT-EXPRESS,12
BWA,VDB,BWA-VDB-ECONOMY,17
BWA,VDB,BWA-VDB-EXPRESS,17
BWA,NAM,BWA-NAM-ECONOMY,14
BWA,NAM,BWA-NAM-EXPRESS,14
BWA,WIT,BWA-WIT-ECONOMY,9
BWA,WIT,BWA-WIT-EXPRESS,9
GRJ,BWA,GRJ-BWA-ECONOMY,16
GRJ,BWA,GRJ-BWA-EXPRESS,15
ZAY,BWA,ZAY-BWA-ECONOMY,7
ZAY,BWA,ZAY-BWA-EXPRESS,7
KIM,BWA,KIM-BWA-ECONOMY,11
KIM,BWA,KIM-BWA-EXPRESS,11
KXE,BWA,KXE-BWA-ECONOMY,9
KXE,BWA,KXE-BWA-EXPRESS,9
SWZ,BWA,SWZ-BWA-ECONOMY,10
SWZ,BWA,SWZ-BWA-EXPRESS,10
LSO,BWA,LSO-BWA-ECONOMY,13
LSO,BWA,LSO-BWA-EXPRESS,13
SWZ,BWA,SWZ-BWA-ECONOMY,10
SWZ,BWA,SWZ-BWA-EXPRESS,10
NCS,BWA,NCS-BWA-ECONOMY,10
NCS,BWA,NCS-BWA-EXPRESS,10
NLP,BWA,NLP-BWA-ECONOMY,10
NLP,BWA,NLP-BWA-EXPRESS,10
PLZ,BWA,PLZ-BWA-ECONOMY,13
PLZ,BWA,PLZ-BWA-EXPRESS,13
ZCK,BWA,ZCK-BWA-ECONOMY,13
ZCK,BWA,ZCK-BWA-EXPRESS,13
POL,BWA,POL-BWA-ECONOMY,10
POL,BWA,POL-BWA-EXPRESS,10
PZB,BWA,PZB-BWA-ECONOMY,8
PZB,BWA,PZB-BWA-EXPRESS,8
RSB,BWA,RSB-BWA-ECONOMY,9
RSB,BWA,RSB-BWA-EXPRESS,9
UTN,BWA,UTN-BWA-ECONOMY,12
UTN,BWA,UTN-BWA-EXPRESS,12
UTT,BWA,UTT-BWA-ECONOMY,12
UTT,BWA,UTT-BWA-EXPRESS,12
VDB,BWA,VDB-BWA-ECONOMY,17
VDB,BWA,VDB-BWA-EXPRESS,17
NAM,BWA,NAM-BWA-ECONOMY,14
NAM,BWA,NAM-BWA-EXPRESS,14
WIT,BWA,WIT-BWA-ECONOMY,9
WIT,BWA,WIT-BWA-EXPRESS,9
BTH,NAM,BTH-NAM-ECONOMY,16
BTH,NAM,BTH-NAM-EXPRESS,16
BFN,NAM,BFN-NAM-ECONOMY,15
BFN,NAM,BFN-NAM-EXPRESS,15
CDO,NAM,CDO-NAM-ECONOMY,19
CDO,NAM,CDO-NAM-EXPRESS,19
CPT,NAM,CPT-NAM-ECONOMY,19
CPT,NAM,CPT-NAM-EXPRESS,19
DUR,NAM,DUR-NAM-ECONOMY,15
DUR,NAM,DUR-NAM-EXPRESS,15
ELS,NAM,ELS-NAM-ECONOMY,16
ELS,NAM,ELS-NAM-EXPRESS,16
EMG,NAM,EMG-NAM-ECONOMY,17
EMG,NAM,EMG-NAM-EXPRESS,17
BWA,NAM,BWA-NAM-ECONOMY,14
BWA,NAM,BWA-NAM-EXPRESS,14
GRJ,NAM,GRJ-NAM-ECONOMY,20
GRJ,NAM,GRJ-NAM-EXPRESS,20
ZAY,NAM,ZAY-NAM-ECONOMY,11
ZAY,NAM,ZAY-NAM-EXPRESS,11
KIM,NAM,KIM-NAM-ECONOMY,15
KIM,NAM,KIM-NAM-EXPRESS,15
KXE,NAM,KXE-NAM-ECONOMY,13
KXE,NAM,KXE-NAM-EXPRESS,13
SWZ,NAM,SWZ-NAM-ECONOMY,14
SWZ,NAM,SWZ-NAM-EXPRESS,14
LSO,NAM,LSO-NAM-ECONOMY,17
LSO,NAM,LSO-NAM-EXPRESS,17
SWZ,NAM,SWZ-NAM-ECONOMY,14
SWZ,NAM,SWZ-NAM-EXPRESS,14
NCS,NAM,NCS-NAM-ECONOMY,14
NCS,NAM,NCS-NAM-EXPRESS,14
NLP,NAM,NLP-NAM-ECONOMY,14
NLP,NAM,NLP-NAM-EXPRESS,14
PLZ,NAM,PLZ-NAM-ECONOMY,17
PLZ,NAM,PLZ-NAM-EXPRESS,17
ZCK,NAM,ZCK-NAM-ECONOMY,17
ZCK,NAM,ZCK-NAM-EXPRESS,17
POL,NAM,POL-NAM-ECONOMY,14
POL,NAM,POL-NAM-EXPRESS,14
PZB,NAM,PZB-NAM-ECONOMY,12
PZB,NAM,PZB-NAM-EXPRESS,12
RSB,NAM,RSB-NAM-ECONOMY,13
RSB,NAM,RSB-NAM-EXPRESS,13
UTN,NAM,UTN-NAM-ECONOMY,16
UTN,NAM,UTN-NAM-EXPRESS,16
UTT,NAM,UTT-NAM-ECONOMY,16
UTT,NAM,UTT-NAM-EXPRESS,16
VDB,NAM,VDB-NAM-ECONOMY,21
VDB,NAM,VDB-NAM-EXPRESS,21
NAM,BTH,NAM-BTH-ECONOMY,16
NAM,BTH,NAM-BTH-EXPRESS,16
NAM,BFN,NAM-BFN-ECONOMY,15
NAM,BFN,NAM-BFN-EXPRESS,15
NAM,CDO,NAM-CDO-ECONOMY,19
NAM,CDO,NAM-CDO-EXPRESS,19
NAM,CPT,NAM-CPT-ECONOMY,19
NAM,CPT,NAM-CPT-EXPRESS,19
NAM,DUR,NAM-DUR-ECONOMY,15
NAM,DUR,NAM-DUR-EXPRESS,15
NAM,ELS,NAM-ELS-ECONOMY,16
NAM,ELS,NAM-ELS-EXPRESS,16
NAM,EMG,NAM-EMG-ECONOMY,17
NAM,EMG,NAM-EMG-EXPRESS,17
NAM,BWA,NAM-BWA-ECONOMY,14
NAM,BWA,NAM-BWA-EXPRESS,14
NAM,GRJ,NAM-GRJ-ECONOMY,20
NAM,GRJ,NAM-GRJ-EXPRESS,19
NAM,ZAY,NAM-ZAY-ECONOMY,8
NAM,ZAY,NAM-ZAY-EXPRESS,8
NAM,KIM,NAM-KIM-ECONOMY,15
NAM,KIM,NAM-KIM-EXPRESS,15
NAM,KXE,NAM-KXE-ECONOMY,13
NAM,KXE,NAM-KXE-EXPRESS,13
NAM,SWZ,NAM-SWZ-ECONOMY,14
NAM,SWZ,NAM-SWZ-EXPRESS,14
NAM,LSO,NAM-LSO-ECONOMY,17
NAM,LSO,NAM-LSO-EXPRESS,17
NAM,SWZ,NAM-SWZ-ECONOMY,14
NAM,SWZ,NAM-SWZ-EXPRESS,14
NAM,NCS,NAM-NCS-ECONOMY,14
NAM,NCS,NAM-NCS-EXPRESS,14
NAM,NLP,NAM-NLP-ECONOMY,14
NAM,NLP,NAM-NLP-EXPRESS,14
NAM,PLZ,NAM-PLZ-ECONOMY,17
NAM,PLZ,NAM-PLZ-EXPRESS,17
NAM,ZCK,NAM-ZCK-ECONOMY,17
NAM,ZCK,NAM-ZCK-EXPRESS,17
NAM,POL,NAM-POL-ECONOMY,14
NAM,POL,NAM-POL-EXPRESS,14
NAM,PZB,NAM-PZB-ECONOMY,12
NAM,PZB,NAM-PZB-EXPRESS,12
NAM,RSB,NAM-RSB-ECONOMY,13
NAM,RSB,NAM-RSB-EXPRESS,13
NAM,UTN,NAM-UTN-ECONOMY,16
NAM,UTN,NAM-UTN-EXPRESS,16
NAM,UTT,NAM-UTT-ECONOMY,16
NAM,UTT,NAM-UTT-EXPRESS,16
NAM,VDB,NAM-VDB-ECONOMY,21
NAM,VDB,NAM-VDB-EXPRESS,21
NAM,NAM,NAM-NAM-ECONOMY,4
NAM,NAM,NAM-NAM-EXPRESS,4
NAM,WIT,NAM-WIT-ECONOMY,13
NAM,WIT,NAM-WIT-EXPRESS,13
WIT,NAM,WIT-NAM-ECONOMY,13
WIT,NAM,WIT-NAM-EXPRESS,13
BWA,NAM,BWA-NAM-ECONOMY,14
BWA,NAM,BWA-NAM-EXPRESS,14
NAM,BWA,NAM-BWA-ECONOMY,14
NAM,BWA,NAM-BWA-EXPRESS,14
BTH,LSO,BTH-LSO-ECONOMY,15
BTH,LSO,BTH-LSO-EXPRESS,15
BFN,LSO,BFN-LSO-ECONOMY,6
BFN,LSO,BFN-LSO-EXPRESS,6
CDO,LSO,CDO-LSO-ECONOMY,12
CDO,LSO,CDO-LSO-EXPRESS,12
CPT,LSO,CPT-LSO-ECONOMY,18
CPT,LSO,CPT-LSO-EXPRESS,18
DUR,LSO,DUR-LSO-ECONOMY,14
DUR,LSO,DUR-LSO-EXPRESS,14
ELS,LSO,ELS-LSO-ECONOMY,12
ELS,LSO,ELS-LSO-EXPRESS,12
EMG,LSO,EMG-LSO-ECONOMY,16
EMG,LSO,EMG-LSO-EXPRESS,16
BWA,LSO,BWA-LSO-ECONOMY,13
BWA,LSO,BWA-LSO-EXPRESS,13
GRJ,LSO,GRJ-LSO-ECONOMY,13
GRJ,LSO,GRJ-LSO-EXPRESS,13
ZAY,LSO,ZAY-LSO-ECONOMY,10
ZAY,LSO,ZAY-LSO-EXPRESS,10
KIM,LSO,KIM-LSO-ECONOMY,14
KIM,LSO,KIM-LSO-EXPRESS,14
KXE,LSO,KXE-LSO-ECONOMY,12
KXE,LSO,KXE-LSO-EXPRESS,12
SWZ,LSO,SWZ-LSO-ECONOMY,13
SWZ,LSO,SWZ-LSO-EXPRESS,13
LSO,BTH,LSO-BTH-ECONOMY,15
LSO,BTH,LSO-BTH-EXPRESS,15
LSO,BFN,LSO-BFN-ECONOMY,6
LSO,BFN,LSO-BFN-EXPRESS,6
LSO,CDO,LSO-CDO-ECONOMY,13
LSO,CDO,LSO-CDO-EXPRESS,13
LSO,CPT,LSO-CPT-ECONOMY,18
LSO,CPT,LSO-CPT-EXPRESS,17
LSO,DUR,LSO-DUR-ECONOMY,14
LSO,DUR,LSO-DUR-EXPRESS,14
LSO,ELS,LSO-ELS-ECONOMY,13
LSO,ELS,LSO-ELS-EXPRESS,13
LSO,EMG,LSO-EMG-ECONOMY,16
LSO,EMG,LSO-EMG-EXPRESS,16
LSO,BWA,LSO-BWA-ECONOMY,13
LSO,BWA,LSO-BWA-EXPRESS,13
LSO,GRJ,LSO-GRJ-ECONOMY,14
LSO,GRJ,LSO-GRJ-EXPRESS,14
LSO,ZAY,LSO-ZAY-ECONOMY,10
LSO,ZAY,LSO-ZAY-EXPRESS,10
LSO,KIM,LSO-KIM-ECONOMY,14
LSO,KIM,LSO-KIM-EXPRESS,14
LSO,KXE,LSO-KXE-ECONOMY,12
LSO,KXE,LSO-KXE-EXPRESS,12
LSO,SWZ,LSO-SWZ-ECONOMY,13
LSO,SWZ,LSO-SWZ-EXPRESS,13
LSO,LSO,LSO-LSO-ECONOMY,4
LSO,LSO,LSO-LSO-EXPRESS,4
LSO,SWZ,LSO-SWZ-ECONOMY,13
LSO,SWZ,LSO-SWZ-EXPRESS,13
LSO,NCS,LSO-NCS-ECONOMY,13
LSO,NCS,LSO-NCS-EXPRESS,13
LSO,NLP,LSO-NLP-ECONOMY,13
LSO,NLP,LSO-NLP-EXPRESS,13
LSO,PLZ,LSO-PLZ-ECONOMY,13
LSO,PLZ,LSO-PLZ-EXPRESS,13
LSO,ZCK,LSO-ZCK-ECONOMY,16
LSO,ZCK,LSO-ZCK-EXPRESS,16
LSO,POL,LSO-POL-ECONOMY,13
LSO,POL,LSO-POL-EXPRESS,13
LSO,PZB,LSO-PZB-ECONOMY,11
LSO,PZB,LSO-PZB-EXPRESS,11
LSO,RSB,LSO-RSB-ECONOMY,12
LSO,RSB,LSO-RSB-EXPRESS,12
LSO,UTN,LSO-UTN-ECONOMY,15
LSO,UTN,LSO-UTN-EXPRESS,15
LSO,UTT,LSO-UTT-ECONOMY,13
LSO,UTT,LSO-UTT-EXPRESS,13
LSO,VDB,LSO-VDB-ECONOMY,17
LSO,VDB,LSO-VDB-EXPRESS,16
LSO,NAM,LSO-NAM-ECONOMY,17
LSO,NAM,LSO-NAM-EXPRESS,17
LSO,WIT,LSO-WIT-ECONOMY,12
LSO,WIT,LSO-WIT-EXPRESS,12
SWZ,LSO,SWZ-LSO-ECONOMY,13
SWZ,LSO,SWZ-LSO-EXPRESS,13
NCS,LSO,NCS-LSO-ECONOMY,13
NCS,LSO,NCS-LSO-EXPRESS,13
NLP,LSO,NLP-LSO-ECONOMY,13
NLP,LSO,NLP-LSO-EXPRESS,13
PLZ,LSO,PLZ-LSO-ECONOMY,12
PLZ,LSO,PLZ-LSO-EXPRESS,12
ZCK,LSO,ZCK-LSO-ECONOMY,16
ZCK,LSO,ZCK-LSO-EXPRESS,16
POL,LSO,POL-LSO-ECONOMY,13
POL,LSO,POL-LSO-EXPRESS,13
PZB,LSO,PZB-LSO-ECONOMY,11
PZB,LSO,PZB-LSO-EXPRESS,11
RSB,LSO,RSB-LSO-ECONOMY,12
RSB,LSO,RSB-LSO-EXPRESS,12
UTN,LSO,UTN-LSO-ECONOMY,15
UTN,LSO,UTN-LSO-EXPRESS,15
UTT,LSO,UTT-LSO-ECONOMY,12
UTT,LSO,UTT-LSO-EXPRESS,12
VDB,LSO,VDB-LSO-ECONOMY,17
VDB,LSO,VDB-LSO-EXPRESS,16
NAM,LSO,NAM-LSO-ECONOMY,17
NAM,LSO,NAM-LSO-EXPRESS,17
WIT,LSO,WIT-LSO-ECONOMY,12
WIT,LSO,WIT-LSO-EXPRESS,12
BWA,LSO,BWA-LSO-ECONOMY,13
BWA,LSO,BWA-LSO-EXPRESS,13
LSO,BWA,LSO-BWA-ECONOMY,13
LSO,BWA,LSO-BWA-EXPRESS,13
LSO,NAM,LSO-NAM-ECONOMY,17
LSO,NAM,LSO-NAM-EXPRESS,17
NAM,LSO,NAM-LSO-ECONOMY,17
NAM,LSO,NAM-LSO-EXPRESS,17
BTH,SWZ,BTH-SWZ-ECONOMY,12
BTH,SWZ,BTH-SWZ-EXPRESS,12
BFN,SWZ,BFN-SWZ-ECONOMY,11
BFN,SWZ,BFN-SWZ-EXPRESS,11
CDO,SWZ,CDO-SWZ-ECONOMY,15
CDO,SWZ,CDO-SWZ-EXPRESS,15
CPT,SWZ,CPT-SWZ-ECONOMY,15
CPT,SWZ,CPT-SWZ-EXPRESS,15
DUR,SWZ,DUR-SWZ-ECONOMY,11
DUR,SWZ,DUR-SWZ-EXPRESS,11
ELS,SWZ,ELS-SWZ-ECONOMY,12
ELS,SWZ,ELS-SWZ-EXPRESS,12
EMG,SWZ,EMG-SWZ-ECONOMY,13
EMG,SWZ,EMG-SWZ-EXPRESS,13
BWA,SWZ,BWA-SWZ-ECONOMY,10
BWA,SWZ,BWA-SWZ-EXPRESS,10
GRJ,SWZ,GRJ-SWZ-ECONOMY,16
GRJ,SWZ,GRJ-SWZ-EXPRESS,15
ZAY,SWZ,ZAY-SWZ-ECONOMY,7
ZAY,SWZ,ZAY-SWZ-EXPRESS,7
KIM,SWZ,KIM-SWZ-ECONOMY,11
KIM,SWZ,KIM-SWZ-EXPRESS,11
KXE,SWZ,KXE-SWZ-ECONOMY,9
KXE,SWZ,KXE-SWZ-EXPRESS,9
SWZ,BTH,SWZ-BTH-ECONOMY,12
SWZ,BTH,SWZ-BTH-EXPRESS,12
SWZ,BFN,SWZ-BFN-ECONOMY,11
SWZ,BFN,SWZ-BFN-EXPRESS,11
SWZ,CDO,SWZ-CDO-ECONOMY,15
SWZ,CDO,SWZ-CDO-EXPRESS,15
SWZ,CPT,SWZ-CPT-ECONOMY,15
SWZ,CPT,SWZ-CPT-EXPRESS,15
SWZ,DUR,SWZ-DUR-ECONOMY,11
SWZ,DUR,SWZ-DUR-EXPRESS,11
SWZ,ELS,SWZ-ELS-ECONOMY,12
SWZ,ELS,SWZ-ELS-EXPRESS,12
SWZ,EMG,SWZ-EMG-ECONOMY,13
SWZ,EMG,SWZ-EMG-EXPRESS,13
SWZ,BWA,SWZ-BWA-ECONOMY,10
SWZ,BWA,SWZ-BWA-EXPRESS,10
SWZ,GRJ,SWZ-GRJ-ECONOMY,16
SWZ,GRJ,SWZ-GRJ-EXPRESS,15
SWZ,ZAY,SWZ-ZAY-ECONOMY,7
SWZ,ZAY,SWZ-ZAY-EXPRESS,7
SWZ,KIM,SWZ-KIM-ECONOMY,11
SWZ,KIM,SWZ-KIM-EXPRESS,11
SWZ,KXE,SWZ-KXE-ECONOMY,9
SWZ,KXE,SWZ-KXE-EXPRESS,9
SWZ,SWZ,SWZ-SWZ-ECONOMY,4
SWZ,SWZ,SWZ-SWZ-EXPRESS,4
SWZ,LSO,SWZ-LSO-ECONOMY,13
SWZ,LSO,SWZ-LSO-EXPRESS,13
SWZ,SWZ,SWZ-SWZ-ECONOMY,4
SWZ,SWZ,SWZ-SWZ-EXPRESS,4
SWZ,NCS,SWZ-NCS-ECONOMY,10
SWZ,NCS,SWZ-NCS-EXPRESS,10
SWZ,NLP,SWZ-NLP-ECONOMY,10
SWZ,NLP,SWZ-NLP-EXPRESS,10
SWZ,PLZ,SWZ-PLZ-ECONOMY,13
SWZ,PLZ,SWZ-PLZ-EXPRESS,13
SWZ,ZCK,SWZ-ZCK-ECONOMY,13
SWZ,ZCK,SWZ-ZCK-EXPRESS,13
SWZ,POL,SWZ-POL-ECONOMY,10
SWZ,POL,SWZ-POL-EXPRESS,10
SWZ,PZB,SWZ-PZB-ECONOMY,8
SWZ,PZB,SWZ-PZB-EXPRESS,8
SWZ,RSB,SWZ-RSB-ECONOMY,9
SWZ,RSB,SWZ-RSB-EXPRESS,9
SWZ,UTN,SWZ-UTN-ECONOMY,12
SWZ,UTN,SWZ-UTN-EXPRESS,12
SWZ,UTT,SWZ-UTT-ECONOMY,12
SWZ,UTT,SWZ-UTT-EXPRESS,12
SWZ,VDB,SWZ-VDB-ECONOMY,17
SWZ,VDB,SWZ-VDB-EXPRESS,17
SWZ,NAM,SWZ-NAM-ECONOMY,14
SWZ,NAM,SWZ-NAM-EXPRESS,14
SWZ,WIT,SWZ-WIT-ECONOMY,9
SWZ,WIT,SWZ-WIT-EXPRESS,9
LSO,SWZ,LSO-SWZ-ECONOMY,13
LSO,SWZ,LSO-SWZ-EXPRESS,13
SWZ,SWZ,SWZ-SWZ-ECONOMY,4
SWZ,SWZ,SWZ-SWZ-EXPRESS,4
NCS,SWZ,NCS-SWZ-ECONOMY,10
NCS,SWZ,NCS-SWZ-EXPRESS,10
NLP,SWZ,NLP-SWZ-ECONOMY,10
NLP,SWZ,NLP-SWZ-EXPRESS,10
PLZ,SWZ,PLZ-SWZ-ECONOMY,13
PLZ,SWZ,PLZ-SWZ-EXPRESS,13
ZCK,SWZ,ZCK-SWZ-ECONOMY,13
ZCK,SWZ,ZCK-SWZ-EXPRESS,13
POL,SWZ,POL-SWZ-ECONOMY,10
POL,SWZ,POL-SWZ-EXPRESS,10
PZB,SWZ,PZB-SWZ-ECONOMY,8
PZB,SWZ,PZB-SWZ-EXPRESS,8
RSB,SWZ,RSB-SWZ-ECONOMY,9
RSB,SWZ,RSB-SWZ-EXPRESS,9
UTN,SWZ,UTN-SWZ-ECONOMY,12
UTN,SWZ,UTN-SWZ-EXPRESS,12
UTT,SWZ,UTT-SWZ-ECONOMY,12
UTT,SWZ,UTT-SWZ-EXPRESS,12
VDB,SWZ,VDB-SWZ-ECONOMY,17
VDB,SWZ,VDB-SWZ-EXPRESS,17
NAM,SWZ,NAM-SWZ-ECONOMY,14
NAM,SWZ,NAM-SWZ-EXPRESS,14
WIT,SWZ,WIT-SWZ-ECONOMY,9
WIT,SWZ,WIT-SWZ-EXPRESS,9
BWA,SWZ,BWA-SWZ-ECONOMY,10
BWA,SWZ,BWA-SWZ-EXPRESS,10
SWZ,BWA,SWZ-BWA-ECONOMY,10
SWZ,BWA,SWZ-BWA-EXPRESS,10
SWZ,NAM,SWZ-NAM-ECONOMY,14
SWZ,NAM,SWZ-NAM-EXPRESS,14
NAM,SWZ,NAM-SWZ-ECONOMY,14
NAM,SWZ,NAM-SWZ-EXPRESS,14
SWZ,LSO,SWZ-LSO-ECONOMY,13
SWZ,LSO,SWZ-LSO-EXPRESS,13
LSO,SWZ,LSO-SWZ-ECONOMY,13
LSO,SWZ,LSO-SWZ-EXPRESS,13
