orig_type,dest_type,type_lookup,sla_type,sla_type_code,route,tariff,c8,service,service_code,facility_type,route_band,route_type,lookup,sla_days,sla_text,c17,blns_service,blns_band,blns_code,blns_lookup,blns_sla,onx_lookup,onx_days,onx_sla
OrigType,DestType,Lookup,SLAType,,Route,Tariff,,Service,Service,Facility Type,Route,Route Type,Lookup,SLA DAYS,SLA,,,,,,,BLNS SLA's,,
HUB,HUB,HUBHUB,HUB,H,BFN-BFN,1,,Economy,ECO,Branch,1,Branch,EconomyBranch1,1,1 days by 17h00,,Express,1,B,Express-B1,1 days by 17h00,ONX-M1,1,1 days by 17h00
HUB,Branch,HUBBranch,Branch,B,BFN-CPT,5,,Economy,ECO,Branch,2,Branch,EconomyBranch2,2,2 days by 17h00,,Express,2,B,Express-B2,2 days by 17h00,ONX-M2,2,2 days by 17h00
HUB,Regional Daily,HUBRegional Daily,Regional Daily,R,BFN-DUR,3,,Economy,ECO,Branch,3,Branch,EconomyBranch3,2,2 days by 17h00,,Express,3,B,Express-B3,2 days by 17h00,ONX-M3,2,2 days by 17h00
HUB,Regional Bi-weekly,HUBRegional Bi-weekly,Regional Bi-weekly,R,BFN-ELS,4,,Economy,ECO,Branch,4,Branch,EconomyBranch4,3,3 days by 17h00,,Express,4,B,Express-B4,2 days by 17h00,ONX-M4,2,2 days by 17h00
HUB,Outlying Bi-weekly,HUBOutlying Bi-weekly,Outlying Bi-weekly,O,BFN-EMG,4,,Economy,ECO,Branch,5,Branch,EconomyBranch5,3,3 days by 17h00,,Express,5,B,Express-B5,2 days by 17h00,ONX-M5,2,2 days by 17h00
HUB,Outlying Adhoc,HUBOutlying Adhoc,Outlying Adhoc,O,BFN-GBE,5,,Economy,ECO,Branch,6,Branch,EconomyBranch6,4,4 days by 17h00,,Express,6,B,Express-B6,2 days by 17h00,ONX-M6,2,2 days by 17h00
Branch,HUB,BranchHUB,Branch,B,BFN-GRJ,5,,Economy,ECO,Branch,7,Branch,EconomyBranch7,5,5 days by 17h00,,Express,7,B,Express-B7,2 days by 17h00,ONX-M7,2,2 days by 17h00
Branch,Branch,BranchBranch,Branch,B,BFN-JNB,3,,Economy,ECO,Branch,8,Branch,EconomyBranch8,5,5 days by 17h00,,Express,8,B,Express-B8,2 days by 17h00,ONX-M8,2,2 days by 17h00
Branch,Regional Daily,BranchRegional Daily,Regional Daily,R,BFN-KIM,4,,Economy,ECO,Branch,9,Branch,EconomyBranch9,5,5 days by 17h00,,Express,9,B,Express-B9,2 days by 17h00,ONX-M9,2,2 days by 17h00
Branch,Regional Bi-weekly,BranchRegional Bi-weekly,Regional Bi-weekly,R,BFN-KPR,4,,Economy,ECO,Hub,1,Hub,EconomyHub1,1,1 days by 17h00,,Express,1,R,Express-R1,3 days by 17h00,ONX-R1,3,3 days by 17h00
Branch,Outlying Bi-weekly,BranchOutlying Bi-weekly,Outlying Bi-weekly,O,BFN-MBE,5,,Economy,ECO,Hub,2,Hub,EconomyHub2,1,1 days by 17h00,,Express,2,R,Express-R2,3 days by 17h00,ONX-R2,3,3 days by 17h00
Branch,Outlying Adhoc,BranchOutlying Adhoc,Outlying Adhoc,O,BFN-MSU,1,,Economy,ECO,Hub,3,Hub,EconomyHub3,1,1 days by 17h00,,Express,3,R,Express-R3,3 days by 17h00,ONX-R3,3,3 days by 17h00
Regional Daily,HUB,Regional DailyHUB,Regional Daily,R,BFN-MTS,5,,Economy,ECO,Hub,4,Hub,EconomyHub4,1,1 days by 17h00,,Express,4,R,Express-R4,3 days by 17h00,ONX-R4,3,3 days by 17h00
Regional Daily,Branch,Regional DailyBranch,Regional Daily,R,BFN-NCS,4,,Economy,ECO,Hub,5,Hub,EconomyHub5,2,2 days by 17h00,,Express,5,R,Express-R5,3 days by 17h00,ONX-R5,3,3 days by 17h00
Regional Daily,Regional Daily,Regional DailyRegional Daily,Regional Daily,R,BFN-NLP,4,,Economy,ECO,Hub,6,Hub,EconomyHub6,2,2 days by 17h00,,Express,6,R,Express-R6,3 days by 17h00,ONX-R6,3,3 days by 17h00
Regional Daily,Regional Bi-weekly,Regional DailyRegional Bi-weekly,Regional Bi-weekly,R,BFN-PLZ,4,,Economy,ECO,Hub,7,Hub,EconomyHub7,2,2 days by 17h00,,Express,7,R,Express-R7,3 days by 17h00,ONX-R7,3,3 days by 17h00
Regional Daily,Outlying Bi-weekly,Regional DailyOutlying Bi-weekly,Outlying Bi-weekly,O,BFN-PTA,3,,Economy,ECO,Hub,8,Hub,EconomyHub8,3,3 days by 17h00,,Express,8,R,Express-R8,4 days by 17h00,ONX-R8,4,4 days by 17h00
Regional Daily,Outlying Adhoc,Regional DailyOutlying Adhoc,Outlying Adhoc,O,BFN-PTG,4,,Economy,ECO,Hub,9,Hub,EconomyHub9,3,3 days by 17h00,,Express,9,R,Express-R9,4 days by 17h00,ONX-R9,4,4 days by 17h00
Regional Bi-weekly,HUB,Regional Bi-weeklyHUB,Regional Bi-weekly,R,BFN-PZB,3,,Economy,ECO,Outlying Adhoc,1,Outlying Adhoc,EconomyOutlying Adhoc1,6,6 days by 17h00,,Express,1,O,Express-O1,3 days by 17h00,ONX-O1,3,3 days by 17h00
Regional Bi-weekly,Branch,Regional Bi-weeklyBranch,Regional Bi-weekly,R,BFN-VDB,4,,Economy,ECO,Outlying Adhoc,2,Outlying Adhoc,EconomyOutlying Adhoc2,6,6 days by 17h00,,Express,2,O,Express-O2,3 days by 17h00,ONX-O2,3,3 days by 17h00
Regional Bi-weekly,Regional Daily,Regional Bi-weeklyRegional Daily,Regional Bi-weekly,R,BFN-WDH,8,,Economy,ECO,Outlying Adhoc,3,Outlying Adhoc,EconomyOutlying Adhoc3,6,6 days by 17h00,,Express,3,O,Express-O3,3 days by 17h00,ONX-O3,3,3 days by 17h00
Regional Bi-weekly,Regional Bi-weekly,Regional Bi-weeklyRegional Bi-weekly,Regional Bi-weekly,R,BFN-WIR,4,,Economy,ECO,Outlying Adhoc,4,Outlying Adhoc,EconomyOutlying Adhoc4,6,6 days by 17h00,,Express,4,O,Express-O4,4 days by 17h00,ONX-O4,4,4 days by 17h00
Regional Bi-weekly,Outlying Bi-weekly,Regional Bi-weeklyOutlying Bi-weekly,Outlying Bi-weekly,O,CPT-BFN,5,,Economy,ECO,Outlying Adhoc,5,Outlying Adhoc,EconomyOutlying Adhoc5,6,6 days by 17h00,,Express,5,O,Express-O5,4 days by 17h00,ONX-O5,4,4 days by 17h00
Regional Bi-weekly,Outlying Adhoc,Regional Bi-weeklyOutlying Adhoc,Outlying Adhoc,O,CPT-CPT,1,,Economy,ECO,Outlying Adhoc,6,Outlying Adhoc,EconomyOutlying Adhoc6,6,6 days by 17h00,,Express,6,O,Express-O6,4 days by 17h00,ONX-O6,4,4 days by 17h00
Outlying Bi-weekly,HUB,Outlying Bi-weeklyHUB,Outlying Bi-weekly,O,CPT-DUR,5,,Economy,ECO,Outlying Adhoc,7,Outlying Adhoc,EconomyOutlying Adhoc7,6,6 days by 17h00,,Express,7,O,Express-O7,4 days by 17h00,ONX-O7,4,4 days by 17h00
Outlying Bi-weekly,Branch,Outlying Bi-weeklyBranch,Outlying Bi-weekly,O,CPT-ELS,5,,Economy,ECO,Outlying Adhoc,8,Outlying Adhoc,EconomyOutlying Adhoc8,7,7 days by 17h00,,Express,8,O,Express-O8,4 days by 17h00,ONX-O8,4,4 days by 17h00
Outlying Bi-weekly,Regional Daily,Outlying Bi-weeklyRegional Daily,Outlying Bi-weekly,O,CPT-EMG,6,,Economy,ECO,Outlying Adhoc,9,Outlying Adhoc,EconomyOutlying Adhoc9,7,7 days by 17h00,,Express,9,O,Express-O9,4 days by 17h00,ONX-O9,4,4 days by 17h00
Outlying Bi-weekly,Regional Bi-weekly,Outlying Bi-weeklyRegional Bi-weekly,Outlying Bi-weekly,O,CPT-GBE,7,,Economy,ECO,Outlying Bi-weekly,1,Outlying Bi-weekly,EconomyOutlying Bi-weekly1,3,3 days by 17h00,,Economy,1,B,Economy-B1,2 days by 17h00,ECO-M1,2,2 days by 17h00
Outlying Bi-weekly,Outlying Bi-weekly,Outlying Bi-weeklyOutlying Bi-weekly,Outlying Bi-weekly,O,CPT-GRJ,3,,Economy,ECO,Outlying Bi-weekly,2,Outlying Bi-weekly,EconomyOutlying Bi-weekly2,4,4 days by 17h00,,Economy,2,B,Economy-B2,2 days by 17h00,ECO-M2,2,2 days by 17h00
Outlying Bi-weekly,Outlying Adhoc,Outlying Bi-weeklyOutlying Adhoc,Outlying Adhoc,O,CPT-JNB,5,,Economy,ECO,Outlying Bi-weekly,3,Outlying Bi-weekly,EconomyOutlying Bi-weekly3,4,4 days by 17h00,,Economy,3,B,Economy-B3,2 days by 17h00,ECO-M3,2,2 days by 17h00
Outlying Adhoc,HUB,Outlying AdhocHUB,Outlying Adhoc,O,CPT-KIM,6,,Economy,ECO,Outlying Bi-weekly,4,Outlying Bi-weekly,EconomyOutlying Bi-weekly4,4,4 days by 17h00,,Economy,4,B,Economy-B4,3 days by 17h00,ECO-M4,3,3 days by 17h00
Outlying Adhoc,Branch,Outlying AdhocBranch,Outlying Adhoc,O,CPT-KPR,6,,Economy,ECO,Outlying Bi-weekly,5,Outlying Bi-weekly,EconomyOutlying Bi-weekly5,5,5 days by 17h00,,Economy,5,B,Economy-B5,3 days by 17h00,ECO-M5,3,3 days by 17h00
Outlying Adhoc,Regional Daily,Outlying AdhocRegional Daily,Outlying Adhoc,O,CPT-MBE,6,,Economy,ECO,Outlying Bi-weekly,6,Outlying Bi-weekly,EconomyOutlying Bi-weekly6,5,5 days by 17h00,,Economy,6,B,Economy-B6,4 days by 17h00,ECO-M6,4,4 days by 17h00
Outlying Adhoc,Regional Bi-weekly,Outlying AdhocRegional Bi-weekly,Outlying Adhoc,O,CPT-MSU,4,,Economy,ECO,Outlying Bi-weekly,7,Outlying Bi-weekly,EconomyOutlying Bi-weekly7,5,5 days by 17h00,,Economy,7,B,Economy-B7,5 days by 17h00,ECO-M7,5,5 days by 17h00
Outlying Adhoc,Outlying Bi-weekly,Outlying AdhocOutlying Bi-weekly,Outlying Adhoc,O,CPT-MTS,6,,Economy,ECO,Outlying Bi-weekly,8,Outlying Bi-weekly,EconomyOutlying Bi-weekly8,6,6 days by 17h00,,Economy,8,B,Economy-B8,5 days by 17h00,ECO-M8,5,5 days by 17h00
Outlying Adhoc,Outlying Adhoc,Outlying AdhocOutlying Adhoc,Outlying Adhoc,O,CPT-NCS,6,,Economy,ECO,Outlying Bi-weekly,9,Outlying Bi-weekly,EconomyOutlying Bi-weekly9,6,6 days by 17h00,,Economy,9,B,Economy-B9,5 days by 17h00,ECO-M9,5,5 days by 17h00
,,,,,CPT-NLP,6,,Economy,ECO,Regional Daily,1,Regional Daily,EconomyRegional Daily1,2,2 days by 17h00,,Economy,1,R,Economy-R1,2 days by 17h00,ECO-R1,2,2 days by 17h00
,,,,,CPT-PLZ,4,,Economy,ECO,Regional Daily,2,Regional Daily,EconomyRegional Daily2,2,2 days by 17h00,,Economy,2,R,Economy-R2,3 days by 17h00,ECO-R2,3,3 days by 17h00
,,,,,CPT-PTA,5,,Economy,ECO,Regional Daily,3,Regional Daily,EconomyRegional Daily3,2,2 days by 17h00,,Economy,3,R,Economy-R3,3 days by 17h00,ECO-R3,3,3 days by 17h00
,,,,,CPT-PTG,6,,Economy,ECO,Regional Daily,4,Regional Daily,EconomyRegional Daily4,3,3 days by 17h00,,Economy,4,R,Economy-R4,4 days by 17h00,ECO-R4,4,4 days by 17h00
,,,,,CPT-PZB,5,,Economy,ECO,Regional Daily,5,Regional Daily,EconomyRegional Daily5,3,3 days by 17h00,,Economy,5,R,Economy-R5,4 days by 17h00,ECO-R5,4,4 days by 17h00
,,,,,CPT-VDB,6,,Economy,ECO,Regional Daily,6,Regional Daily,EconomyRegional Daily6,4,4 days by 17h00,,Economy,6,R,Economy-R6,4 days by 17h00,ECO-R6,4,4 days by 17h00
,,,,,CPT-WDH,9,,Economy,ECO,Regional Daily,7,Regional Daily,EconomyRegional Daily7,5,5 days by 17h00,,Economy,7,R,Economy-R7,5 days by 17h00,ECO-R7,5,5 days by 17h00
,,,,,CPT-WIR,6,,Economy,ECO,Regional Daily,8,Regional Daily,EconomyRegional Daily8,5,5 days by 17h00,,Economy,8,R,Economy-R8,5 days by 17h00,ECO-R8,5,5 days by 17h00
,,,,,DUR-BFN,3,,Economy,ECO,Regional Daily,9,Regional Daily,EconomyRegional Daily9,5,5 days by 17h00,,Economy,9,R,Economy-R9,5 days by 17h00,ECO-R9,5,5 days by 17h00
,,,,,DUR-CPT,5,,Economy,ECO,Regional Bi-weekly,1,Regional Bi-weekly,EconomyRegional Bi-weekly1,3,3 days by 17h00,,Economy,1,O,Economy-O1,3 days by 17h00,ECO-O1,3,3 days by 17h00
,,,,,DUR-DUR,1,,Economy,ECO,Regional Bi-weekly,2,Regional Bi-weekly,EconomyRegional Bi-weekly2,4,4 days by 17h00,,Economy,2,O,Economy-O2,4 days by 17h00,ECO-O2,4,4 days by 17h00
,,,,,DUR-ELS,5,,Economy,ECO,Regional Bi-weekly,3,Regional Bi-weekly,EconomyRegional Bi-weekly3,4,4 days by 17h00,,Economy,3,O,Economy-O3,4 days by 17h00,ECO-O3,4,4 days by 17h00
,,,,,DUR-EMG,2,,Economy,ECO,Regional Bi-weekly,4,Regional Bi-weekly,EconomyRegional Bi-weekly4,4,4 days by 17h00,,Economy,4,O,Economy-O4,5 days by 17h00,ECO-O4,5,5 days by 17h00
,,,,,DUR-GBE,6,,Economy,ECO,Regional Bi-weekly,5,Regional Bi-weekly,EconomyRegional Bi-weekly5,5,5 days by 17h00,,Economy,5,O,Economy-O5,5 days by 17h00,ECO-O5,5,5 days by 17h00
,,,,,DUR-GRJ,6,,Economy,ECO,Regional Bi-weekly,6,Regional Bi-weekly,EconomyRegional Bi-weekly6,5,5 days by 17h00,,Economy,6,O,Economy-O6,5 days by 17h00,ECO-O6,5,5 days by 17h00
,,,,,DUR-JNB,2,,Economy,ECO,Regional Bi-weekly,7,Regional Bi-weekly,EconomyRegional Bi-weekly7,5,5 days by 17h00,,Economy,7,O,Economy-O7,5 days by 17h00,ECO-O7,5,5 days by 17h00
,,,,,DUR-KIM,4,,Economy,ECO,Regional Bi-weekly,8,Regional Bi-weekly,EconomyRegional Bi-weekly8,6,6 days by 17h00,,Economy,8,O,Economy-O8,6 days by 17h00,ECO-O8,6,6 days by 17h00
,,,,,DUR-KPR,4,,Economy,ECO,Regional Bi-weekly,9,Regional Bi-weekly,EconomyRegional Bi-weekly9,6,6 days by 17h00,,Economy,9,O,Economy-O9,6 days by 17h00,ECO-O9,6,6 days by 17h00
,,,,,DUR-MBE,5,,Express,ONX,Branch,1,Branch,ExpressBranch1,1,1 days by 12h30,,,,,,,,,
,,,,,DUR-MSU,4,,Express,ONX,Branch,2,Branch,ExpressBranch2,2,2 days by 12h30,,,,,,,,,
,,,,,DUR-MTS,5,,Express,ONX,Branch,3,Branch,ExpressBranch3,2,2 days by 12h30,,,,,,,,,
,,,,,DUR-NCS,2,,Express,ONX,Branch,4,Branch,ExpressBranch4,2,2 days by 12h30,,,,,,,,,
,,,,,DUR-NLP,4,,Express,ONX,Branch,5,Branch,ExpressBranch5,2,2 days by 12h30,,,,,,,,,
,,,,,DUR-PLZ,6,,Express,ONX,Branch,6,Branch,ExpressBranch6,2,2 days by 12h30,,,,,,,,,
,,,,,DUR-PTA,2,,Express,ONX,Branch,7,Branch,ExpressBranch7,2,2 days by 12h30,,,,,,,,,
,,,,,DUR-PTG,4,,Express,ONX,Branch,8,Branch,ExpressBranch8,2,2 days by 12h30,,,,,,,,,
,,,,,DUR-PZB,1,,Express,ONX,Branch,9,Branch,ExpressBranch9,2,2 days by 12h30,,,,,,,,,
,,,,,DUR-VDB,4,,Express,ONX,Hub,1,Hub,ExpressHub1,1,1 days by 10h30,,,,,,,,,
,,,,,DUR-WDH,9,,Express,ONX,Hub,2,Hub,ExpressHub2,1,1 days by 10h30,,,,,,,,,
,,,,,DUR-WIR,4,,Express,ONX,Hub,3,Hub,ExpressHub3,1,1 days by 10h30,,,,,,,,,
,,,,,ELS-BFN,4,,Express,ONX,Hub,4,Hub,ExpressHub4,1,1 days by 10h30,,,,,,,,,
,,,,,ELS-CPT,5,,Express,ONX,Hub,5,Hub,ExpressHub5,1,1 days by 10h30,,,,,,,,,
,,,,,ELS-DUR,5,,Express,ONX,Hub,6,Hub,ExpressHub6,1,1 days by 10h30,,,,,,,,,
,,,,,ELS-ELS,1,,Express,ONX,Hub,7,Hub,ExpressHub7,1,1 days by 10h30,,,,,,,,,
,,,,,ELS-EMG,6,,Express,ONX,Hub,8,Hub,ExpressHub8,2,2 days by 10h30,,,,,,,,,
,,,,,ELS-GBE,6,,Express,ONX,Hub,9,Hub,ExpressHub9,2,2 days by 10h30,,,,,,,,,
,,,,,ELS-GRJ,4,,Express,ONX,Outlying Adhoc,1,Outlying Adhoc,ExpressOutlying Adhoc1,6,6 days by 17h00,,,,,,,,,
,,,,,ELS-JNB,6,,Express,ONX,Outlying Adhoc,2,Outlying Adhoc,ExpressOutlying Adhoc2,6,6 days by 17h00,,,,,,,,,
,,,,,ELS-KIM,6,,Express,ONX,Outlying Adhoc,3,Outlying Adhoc,ExpressOutlying Adhoc3,6,6 days by 17h00,,,,,,,,,
,,,,,ELS-KPR,7,,Express,ONX,Outlying Adhoc,4,Outlying Adhoc,ExpressOutlying Adhoc4,6,6 days by 17h00,,,,,,,,,
,,,,,ELS-MBE,7,,Express,ONX,Outlying Adhoc,5,Outlying Adhoc,ExpressOutlying Adhoc5,6,6 days by 17h00,,,,,,,,,
,,,,,ELS-MSU,4,,Express,ONX,Outlying Adhoc,6,Outlying Adhoc,ExpressOutlying Adhoc6,6,6 days by 17h00,,,,,,,,,
,,,,,ELS-MTS,7,,Express,ONX,Outlying Adhoc,7,Outlying Adhoc,ExpressOutlying Adhoc7,6,6 days by 17h00,,,,,,,,,
,,,,,ELS-NCS,7,,Express,ONX,Outlying Adhoc,8,Outlying Adhoc,ExpressOutlying Adhoc8,7,7 days by 17h00,,,,,,,,,
,,,,,ELS-NLP,7,,Express,ONX,Outlying Adhoc,9,Outlying Adhoc,ExpressOutlying Adhoc9,7,7 days by 17h00,,,,,,,,,
,,,,,ELS-PLZ,2,,Express,ONX,Outlying Bi-weekly,1,Outlying Bi-weekly,ExpressOutlying Bi-weekly1,3,3 days by 17h00,,,,,,,,,
,,,,,ELS-PTA,6,,Express,ONX,Outlying Bi-weekly,2,Outlying Bi-weekly,ExpressOutlying Bi-weekly2,3,3 days by 17h00,,,,,,,,,
,,,,,ELS-PTG,7,,Express,ONX,Outlying Bi-weekly,3,Outlying Bi-weekly,ExpressOutlying Bi-weekly3,3,3 days by 17h00,,,,,,,,,
,,,,,ELS-PZB,5,,Express,ONX,Outlying Bi-weekly,4,Outlying Bi-weekly,ExpressOutlying Bi-weekly4,3,3 days by 17h00,,,,,,,,,
,,,,,ELS-VDB,7,,Express,ONX,Outlying Bi-weekly,5,Outlying Bi-weekly,ExpressOutlying Bi-weekly5,3,3 days by 17h00,,,,,,,,,
,,,,,ELS-WDH,9,,Express,ONX,Outlying Bi-weekly,6,Outlying Bi-weekly,ExpressOutlying Bi-weekly6,3,3 days by 17h00,,,,,,,,,
,,,,,ELS-WIR,7,,Express,ONX,Outlying Bi-weekly,7,Outlying Bi-weekly,ExpressOutlying Bi-weekly7,3,3 days by 17h00,,,,,,,,,
,,,,,EMG-BFN,4,,Express,ONX,Outlying Bi-weekly,8,Outlying Bi-weekly,ExpressOutlying Bi-weekly8,4,4 days by 17h00,,,,,,,,,
,,,,,EMG-CPT,6,,Express,ONX,Outlying Bi-weekly,9,Outlying Bi-weekly,ExpressOutlying Bi-weekly9,4,4 days by 17h00,,,,,,,,,
,,,,,EMG-DUR,2,,Express,ONX,Regional Daily,1,Regional Daily,ExpressRegional Daily1,2,2 days by 14h30,,,,,,,,,
,,,,,EMG-ELS,6,,Express,ONX,Regional Daily,2,Regional Daily,ExpressRegional Daily2,2,2 days by 14h30,,,,,,,,,
,,,,,EMG-EMG,1,,Express,ONX,Regional Daily,3,Regional Daily,ExpressRegional Daily3,2,2 days by 14h30,,,,,,,,,
,,,,,EMG-GBE,7,,Express,ONX,Regional Daily,4,Regional Daily,ExpressRegional Daily4,2,2 days by 14h30,,,,,,,,,
,,,,,EMG-GRJ,7,,Express,ONX,Regional Daily,5,Regional Daily,ExpressRegional Daily5,2,2 days by 14h30,,,,,,,,,
,,,,,EMG-JNB,3,,Express,ONX,Regional Daily,6,Regional Daily,ExpressRegional Daily6,2,2 days by 14h30,,,,,,,,,
,,,,,EMG-KIM,5,,Express,ONX,Regional Daily,7,Regional Daily,ExpressRegional Daily7,2,2 days by 14h30,,,,,,,,,
,,,,,EMG-KPR,5,,Express,ONX,Regional Daily,8,Regional Daily,ExpressRegional Daily8,3,3 days by 14h30,,,,,,,,,
,,,,,EMG-MBE,6,,Express,ONX,Regional Daily,9,Regional Daily,ExpressRegional Daily9,3,3 days by 14h30,,,,,,,,,
,,,,,EMG-MSU,5,,Express,ONX,Regional Bi-weekly,1,Regional Bi-weekly,ExpressRegional Bi-weekly1,3,3 days by 14h30,,,,,,,,,
,,,,,EMG-MTS,6,,Express,ONX,Regional Bi-weekly,2,Regional Bi-weekly,ExpressRegional Bi-weekly2,3,3 days by 14h30,,,,,,,,,
,,,,,EMG-NCS,3,,Express,ONX,Regional Bi-weekly,3,Regional Bi-weekly,ExpressRegional Bi-weekly3,3,3 days by 14h30,,,,,,,,,
,,,,,EMG-NLP,5,,Express,ONX,Regional Bi-weekly,4,Regional Bi-weekly,ExpressRegional Bi-weekly4,3,3 days by 14h30,,,,,,,,,
,,,,,EMG-PLZ,7,,Express,ONX,Regional Bi-weekly,5,Regional Bi-weekly,ExpressRegional Bi-weekly5,3,3 days by 14h30,,,,,,,,,
,,,,,EMG-PTA,3,,Express,ONX,Regional Bi-weekly,6,Regional Bi-weekly,ExpressRegional Bi-weekly6,3,3 days by 14h30,,,,,,,,,
,,,,,EMG-PTG,4,,Express,ONX,Regional Bi-weekly,7,Regional Bi-weekly,ExpressRegional Bi-weekly7,3,3 days by 14h30,,,,,,,,,
,,,,,EMG-PZB,3,,Express,ONX,Regional Bi-weekly,8,Regional Bi-weekly,ExpressRegional Bi-weekly8,4,4 days by 14h30,,,,,,,,,
,,,,,EMG-VDB,5,,Express,ONX,Regional Bi-weekly,9,Regional Bi-weekly,ExpressRegional Bi-weekly9,4,4 days by 14h30,,,,,,,,,
,,,,,EMG-WDH,9,,,,,,,,,,,,,,,,,,
,,,,,EMG-WIR,5,,,,,,,,,,,,,,,,,,
,,,,,GBE-BFN,5,,,,,,,,,,,,,,,,,,
,,,,,GBE-CPT,7,,,,,,,,,,,,,,,,,,
,,,,,GBE-DUR,6,,,,,,,,,,,,,,,,,,
,,,,,GBE-ELS,6,,,,,,,,,,,,,,,,,,
,,,,,GBE-EMG,7,,,,,,,,,,,,,,,,,,
,,,,,GBE-GRJ,7,,,,,,,,,,,,,,,,,,
,,,,,GBE-JNB,4,,,,,,,,,,,,,,,,,,
,,,,,GBE-KIM,5,,,,,,,,,,,,,,,,,,
,,,,,GBE-KPR,5,,,,,,,,,,,,,,,,,,
,,,,,GBE-NCS,5,,,,,,,,,,,,,,,,,,
,,,,,GBE-NLP,5,,,,,,,,,,,,,,,,,,
,,,,,GBE-PLZ,6,,,,,,,,,,,,,,,,,,
,,,,,GBE-PTA,4,,,,,,,,,,,,,,,,,,
,,,,,GBE-PTG,5,,,,,,,,,,,,,,,,,,
,,,,,GBE-PZB,6,,,,,,,,,,,,,,,,,,
,,,,,GBE-VDB,5,,,,,,,,,,,,,,,,,,
,,,,,GBE-WIR,5,,,,,,,,,,,,,,,,,,
,,,,,GRJ-BFN,5,,,,,,,,,,,,,,,,,,
,,,,,GRJ-CPT,3,,,,,,,,,,,,,,,,,,
,,,,,GRJ-DUR,6,,,,,,,,,,,,,,,,,,
,,,,,GRJ-ELS,4,,,,,,,,,,,,,,,,,,
,,,,,GRJ-EMG,7,,,,,,,,,,,,,,,,,,
,,,,,GRJ-GBE,7,,,,,,,,,,,,,,,,,,
,,,,,GRJ-GRJ,1,,,,,,,,,,,,,,,,,,
,,,,,GRJ-JNB,6,,,,,,,,,,,,,,,,,,
,,,,,GRJ-KIM,7,,,,,,,,,,,,,,,,,,
,,,,,GRJ-KPR,7,,,,,,,,,,,,,,,,,,
,,,,,GRJ-MBE,7,,,,,,,,,,,,,,,,,,
,,,,,GRJ-MSU,6,,,,,,,,,,,,,,,,,,
,,,,,GRJ-MTS,7,,,,,,,,,,,,,,,,,,
,,,,,GRJ-NCS,7,,,,,,,,,,,,,,,,,,
,,,,,GRJ-NLP,7,,,,,,,,,,,,,,,,,,
,,,,,GRJ-PLZ,2,,,,,,,,,,,,,,,,,,
,,,,,GRJ-PTA,6,,,,,,,,,,,,,,,,,,
,,,,,GRJ-PTG,7,,,,,,,,,,,,,,,,,,
,,,,,GRJ-PZB,6,,,,,,,,,,,,,,,,,,
,,,,,GRJ-VDB,7,,,,,,,,,,,,,,,,,,
,,,,,GRJ-WDH,9,,,,,,,,,,,,,,,,,,
,,,,,GRJ-WIR,7,,,,,,,,,,,,,,,,,,
,,,,,JNB-BFN,3,,,,,,,,,,,,,,,,,,
,,,,,JNB-CPT,5,,,,,,,,,,,,,,,,,,
,,,,,JNB-DUR,2,,,,,,,,,,,,,,,,,,
,,,,,JNB-ELS,6,,,,,,,,,,,,,,,,,,
,,,,,JNB-EMG,3,,,,,,,,,,,,,,,,,,
,,,,,JNB-GBE,4,,,,,,,,,,,,,,,,,,
,,,,,JNB-GRJ,6,,,,,,,,,,,,,,,,,,
,,,,,JNB-JNB,1,,,,,,,,,,,,,,,,,,
,,,,,JNB-KIM,3,,,,,,,,,,,,,,,,,,
,,,,,JNB-KPR,2,,,,,,,,,,,,,,,,,,
,,,,,JNB-MBE,4,,,,,,,,,,,,,,,,,,
,,,,,JNB-MSU,4,,,,,,,,,,,,,,,,,,
,,,,,JNB-MTS,4,,,,,,,,,,,,,,,,,,
,,,,,JNB-NCS,3,,,,,,,,,,,,,,,,,,
,,,,,JNB-NLP,3,,,,,,,,,,,,,,,,,,
,,,,,JNB-PLZ,6,,,,,,,,,,,,,,,,,,
,,,,,JNB-PTA,1,,,,,,,,,,,,,,,,,,
,,,,,JNB-PTG,3,,,,,,,,,,,,,,,,,,
,,,,,JNB-PZB,2,,,,,,,,,,,,,,,,,,
,,,,,JNB-VDB,2,,,,,,,,,,,,,,,,,,
,,,,,JNB-WDH,7,,,,,,,,,,,,,,,,,,
,,,,,JNB-WIR,2,,,,,,,,,,,,,,,,,,
,,,,,KIM-BFN,4,,,,,,,,,,,,,,,,,,
,,,,,KIM-CPT,6,,,,,,,,,,,,,,,,,,
,,,,,KIM-DUR,4,,,,,,,,,,,,,,,,,,
,,,,,KIM-ELS,6,,,,,,,,,,,,,,,,,,
,,,,,KIM-EMG,5,,,,,,,,,,,,,,,,,,
,,,,,KIM-GBE,5,,,,,,,,,,,,,,,,,,
,,,,,KIM-GRJ,7,,,,,,,,,,,,,,,,,,
,,,,,KIM-JNB,3,,,,,,,,,,,,,,,,,,
,,,,,KIM-KIM,1,,,,,,,,,,,,,,,,,,
,,,,,KIM-KPR,4,,,,,,,,,,,,,,,,,,
,,,,,KIM-MBE,5,,,,,,,,,,,,,,,,,,
,,,,,KIM-MSU,4,,,,,,,,,,,,,,,,,,
,,,,,KIM-MTS,5,,,,,,,,,,,,,,,,,,
,,,,,KIM-NCS,4,,,,,,,,,,,,,,,,,,
,,,,,KIM-NLP,4,,,,,,,,,,,,,,,,,,
,,,,,KIM-PLZ,6,,,,,,,,,,,,,,,,,,
,,,,,KIM-PTA,3,,,,,,,,,,,,,,,,,,
,,,,,KIM-PTG,4,,,,,,,,,,,,,,,,,,
,,,,,KIM-PZB,4,,,,,,,,,,,,,,,,,,
,,,,,KIM-VDB,4,,,,,,,,,,,,,,,,,,
,,,,,KIM-WDH,8,,,,,,,,,,,,,,,,,,
,,,,,KIM-WIR,4,,,,,,,,,,,,,,,,,,
,,,,,KPR-BFN,4,,,,,,,,,,,,,,,,,,
,,,,,KPR-CPT,6,,,,,,,,,,,,,,,,,,
,,,,,KPR-DUR,4,,,,,,,,,,,,,,,,,,
,,,,,KPR-ELS,7,,,,,,,,,,,,,,,,,,
,,,,,KPR-EMG,5,,,,,,,,,,,,,,,,,,
,,,,,KPR-GBE,5,,,,,,,,,,,,,,,,,,
,,,,,KPR-GRJ,7,,,,,,,,,,,,,,,,,,
,,,,,KPR-JNB,2,,,,,,,,,,,,,,,,,,
,,,,,KPR-KIM,4,,,,,,,,,,,,,,,,,,
,,,,,KPR-KPR,1,,,,,,,,,,,,,,,,,,
,,,,,KPR-MBE,5,,,,,,,,,,,,,,,,,,
,,,,,KPR-MSU,5,,,,,,,,,,,,,,,,,,
,,,,,KPR-MTS,5,,,,,,,,,,,,,,,,,,
,,,,,KPR-NCS,4,,,,,,,,,,,,,,,,,,
,,,,,KPR-NLP,4,,,,,,,,,,,,,,,,,,
,,,,,KPR-PLZ,7,,,,,,,,,,,,,,,,,,
,,,,,KPR-PTA,2,,,,,,,,,,,,,,,,,,
,,,,,KPR-PTG,4,,,,,,,,,,,,,,,,,,
,,,,,KPR-PZB,4,,,,,,,,,,,,,,,,,,
,,,,,KPR-VDB,4,,,,,,,,,,,,,,,,,,
,,,,,KPR-WDH,8,,,,,,,,,,,,,,,,,,
,,,,,KPR-WIR,3,,,,,,,,,,,,,,,,,,
,,,,,MBE-BFN,5,,,,,,,,,,,,,,,,,,
,,,,,MBE-CPT,6,,,,,,,,,,,,,,,,,,
,,,,,MBE-DUR,5,,,,,,,,,,,,,,,,,,
,,,,,MBE-ELS,7,,,,,,,,,,,,,,,,,,
,,,,,MBE-EMG,6,,,,,,,,,,,,,,,,,,
,,,,,MBE-GRJ,7,,,,,,,,,,,,,,,,,,
,,,,,MBE-JNB,4,,,,,,,,,,,,,,,,,,
,,,,,MBE-KIM,5,,,,,,,,,,,,,,,,,,
,,,,,MBE-KPR,5,,,,,,,,,,,,,,,,,,
,,,,,MBE-NCS,5,,,,,,,,,,,,,,,,,,
,,,,,MBE-NLP,2,,,,,,,,,,,,,,,,,,
,,,,,MBE-PLZ,7,,,,,,,,,,,,,,,,,,
,,,,,MBE-PTA,4,,,,,,,,,,,,,,,,,,
,,,,,MBE-PTG,5,,,,,,,,,,,,,,,,,,
,,,,,MBE-PZB,5,,,,,,,,,,,,,,,,,,
,,,,,MBE-VDB,5,,,,,,,,,,,,,,,,,,
,,,,,MBE-WIR,5,,,,,,,,,,,,,,,,,,
,,,,,MSU-BFN,1,,,,,,,,,,,,,,,,,,
,,,,,MSU-CPT,4,,,,,,,,,,,,,,,,,,
,,,,,MSU-DUR,4,,,,,,,,,,,,,,,,,,
,,,,,MSU-ELS,4,,,,,,,,,,,,,,,,,,
,,,,,MSU-EMG,5,,,,,,,,,,,,,,,,,,
,,,,,MSU-GRJ,6,,,,,,,,,,,,,,,,,,
,,,,,MSU-JNB,4,,,,,,,,,,,,,,,,,,
,,,,,MSU-KIM,4,,,,,,,,,,,,,,,,,,
,,,,,MSU-KPR,5,,,,,,,,,,,,,,,,,,
,,,,,MSU-NCS,5,,,,,,,,,,,,,,,,,,
,,,,,MSU-NLP,5,,,,,,,,,,,,,,,,,,
,,,,,MSU-PLZ,4,,,,,,,,,,,,,,,,,,
,,,,,MSU-PTA,4,,,,,,,,,,,,,,,,,,
,,,,,MSU-PTG,5,,,,,,,,,,,,,,,,,,
,,,,,MSU-PZB,4,,,,,,,,,,,,,,,,,,
,,,,,MSU-VDB,5,,,,,,,,,,,,,,,,,,
,,,,,MSU-WIR,5,,,,,,,,,,,,,,,,,,
,,,,,MTS-BFN,5,,,,,,,,,,,,,,,,,,
,,,,,MTS-CPT,6,,,,,,,,,,,,,,,,,,
,,,,,MTS-DUR,5,,,,,,,,,,,,,,,,,,
,,,,,MTS-ELS,7,,,,,,,,,,,,,,,,,,
,,,,,MTS-EMG,6,,,,,,,,,,,,,,,,,,
,,,,,MTS-GRJ,7,,,,,,,,,,,,,,,,,,
,,,,,MTS-JNB,4,,,,,,,,,,,,,,,,,,
,,,,,MTS-KIM,5,,,,,,,,,,,,,,,,,,
,,,,,MTS-KPR,5,,,,,,,,,,,,,,,,,,
,,,,,MTS-NCS,5,,,,,,,,,,,,,,,,,,
,,,,,MTS-NLP,2,,,,,,,,,,,,,,,,,,
,,,,,MTS-PLZ,7,,,,,,,,,,,,,,,,,,
,,,,,MTS-PTA,4,,,,,,,,,,,,,,,,,,
,,,,,MTS-PTG,5,,,,,,,,,,,,,,,,,,
,,,,,MTS-PZB,5,,,,,,,,,,,,,,,,,,
,,,,,MTS-VDB,5,,,,,,,,,,,,,,,,,,
,,,,,MTS-WIR,5,,,,,,,,,,,,,,,,,,
,,,,,NCS-BFN,4,,,,,,,,,,,,,,,,,,
,,,,,NCS-CPT,6,,,,,,,,,,,,,,,,,,
,,,,,NCS-DUR,2,,,,,,,,,,,,,,,,,,
,,,,,NCS-ELS,7,,,,,,,,,,,,,,,,,,
,,,,,NCS-EMG,3,,,,,,,,,,,,,,,,,,
,,,,,NCS-GBE,5,,,,,,,,,,,,,,,,,,
,,,,,NCS-GRJ,7,,,,,,,,,,,,,,,,,,
,,,,,NCS-JNB,3,,,,,,,,,,,,,,,,,,
,,,,,NCS-KIM,4,,,,,,,,,,,,,,,,,,
,,,,,NCS-KPR,4,,,,,,,,,,,,,,,,,,
,,,,,NCS-MBE,5,,,,,,,,,,,,,,,,,,
,,,,,NCS-MSU,5,,,,,,,,,,,,,,,,,,
,,,,,NCS-MTS,5,,,,,,,,,,,,,,,,,,
,,,,,NCS-NCS,1,,,,,,,,,,,,,,,,,,
,,,,,NCS-NLP,4,,,,,,,,,,,,,,,,,,
,,,,,NCS-PLZ,7,,,,,,,,,,,,,,,,,,
,,,,,NCS-PTA,3,,,,,,,,,,,,,,,,,,
,,,,,NCS-PTG,4,,,,,,,,,,,,,,,,,,
,,,,,NCS-PZB,3,,,,,,,,,,,,,,,,,,
,,,,,NCS-VDB,4,,,,,,,,,,,,,,,,,,
,,,,,NCS-WDH,8,,,,,,,,,,,,,,,,,,
,,,,,NCS-WIR,4,,,,,,,,,,,,,,,,,,
,,,,,NLP-BFN,4,,,,,,,,,,,,,,,,,,
,,,,,NLP-CPT,6,,,,,,,,,,,,,,,,,,
,,,,,NLP-DUR,4,,,,,,,,,,,,,,,,,,
,,,,,NLP-ELS,7,,,,,,,,,,,,,,,,,,
,,,,,NLP-EMG,5,,,,,,,,,,,,,,,,,,
,,,,,NLP-GBE,5,,,,,,,,,,,,,,,,,,
,,,,,NLP-GRJ,7,,,,,,,,,,,,,,,,,,
,,,,,NLP-JNB,3,,,,,,,,,,,,,,,,,,
,,,,,NLP-KIM,4,,,,,,,,,,,,,,,,,,
,,,,,NLP-KPR,4,,,,,,,,,,,,,,,,,,
,,,,,NLP-MBE,2,,,,,,,,,,,,,,,,,,
,,,,,NLP-MSU,5,,,,,,,,,,,,,,,,,,
,,,,,NLP-MTS,2,,,,,,,,,,,,,,,,,,
,,,,,NLP-NCS,4,,,,,,,,,,,,,,,,,,
,,,,,NLP-NLP,1,,,,,,,,,,,,,,,,,,
,,,,,NLP-PLZ,7,,,,,,,,,,,,,,,,,,
,,,,,NLP-PTA,3,,,,,,,,,,,,,,,,,,
,,,,,NLP-PTG,4,,,,,,,,,,,,,,,,,,
,,,,,NLP-PZB,4,,,,,,,,,,,,,,,,,,
,,,,,NLP-VDB,4,,,,,,,,,,,,,,,,,,
,,,,,NLP-WDH,8,,,,,,,,,,,,,,,,,,
,,,,,NLP-WIR,4,,,,,,,,,,,,,,,,,,
,,,,,PLZ-BFN,4,,,,,,,,,,,,,,,,,,
,,,,,PLZ-CPT,4,,,,,,,,,,,,,,,,,,
,,,,,PLZ-DUR,6,,,,,,,,,,,,,,,,,,
,,,,,PLZ-ELS,2,,,,,,,,,,,,,,,,,,
,,,,,PLZ-EMG,7,,,,,,,,,,,,,,,,,,
,,,,,PLZ-GBE,6,,,,,,,,,,,,,,,,,,
,,,,,PLZ-GRJ,2,,,,,,,,,,,,,,,,,,
,,,,,PLZ-JNB,6,,,,,,,,,,,,,,,,,,
,,,,,PLZ-KIM,6,,,,,,,,,,,,,,,,,,
,,,,,PLZ-KPR,7,,,,,,,,,,,,,,,,,,
,,,,,PLZ-MBE,7,,,,,,,,,,,,,,,,,,
,,,,,PLZ-MSU,4,,,,,,,,,,,,,,,,,,
,,,,,PLZ-MTS,7,,,,,,,,,,,,,,,,,,
,,,,,PLZ-NCS,7,,,,,,,,,,,,,,,,,,
,,,,,PLZ-NLP,7,,,,,,,,,,,,,,,,,,
,,,,,PLZ-PLZ,1,,,,,,,,,,,,,,,,,,
,,,,,PLZ-PTA,6,,,,,,,,,,,,,,,,,,
,,,,,PLZ-PTG,7,,,,,,,,,,,,,,,,,,
,,,,,PLZ-PZB,6,,,,,,,,,,,,,,,,,,
,,,,,PLZ-VDB,7,,,,,,,,,,,,,,,,,,
,,,,,PLZ-WDH,9,,,,,,,,,,,,,,,,,,
,,,,,PLZ-WIR,7,,,,,,,,,,,,,,,,,,
,,,,,PTA-BFN,3,,,,,,,,,,,,,,,,,,
,,,,,PTA-CPT,5,,,,,,,,,,,,,,,,,,
,,,,,PTA-DUR,2,,,,,,,,,,,,,,,,,,
,,,,,PTA-ELS,6,,,,,,,,,,,,,,,,,,
,,,,,PTA-EMG,3,,,,,,,,,,,,,,,,,,
,,,,,PTA-GBE,4,,,,,,,,,,,,,,,,,,
,,,,,PTA-GRJ,6,,,,,,,,,,,,,,,,,,
,,,,,PTA-JNB,1,,,,,,,,,,,,,,,,,,
,,,,,PTA-KIM,3,,,,,,,,,,,,,,,,,,
,,,,,PTA-KPR,2,,,,,,,,,,,,,,,,,,
,,,,,PTA-MBE,4,,,,,,,,,,,,,,,,,,
,,,,,PTA-MSU,4,,,,,,,,,,,,,,,,,,
,,,,,PTA-MTS,4,,,,,,,,,,,,,,,,,,
,,,,,PTA-NCS,3,,,,,,,,,,,,,,,,,,
,,,,,PTA-NLP,3,,,,,,,,,,,,,,,,,,
,,,,,PTA-PLZ,6,,,,,,,,,,,,,,,,,,
,,,,,PTA-PTA,1,,,,,,,,,,,,,,,,,,
,,,,,PTA-PTG,3,,,,,,,,,,,,,,,,,,
,,,,,PTA-PZB,2,,,,,,,,,,,,,,,,,,
,,,,,PTA-VDB,2,,,,,,,,,,,,,,,,,,
,,,,,PTA-WDH,7,,,,,,,,,,,,,,,,,,
,,,,,PTA-WIR,2,,,,,,,,,,,,,,,,,,
,,,,,PTG-BFN,4,,,,,,,,,,,,,,,,,,
,,,,,PTG-CPT,6,,,,,,,,,,,,,,,,,,
,,,,,PTG-DUR,4,,,,,,,,,,,,,,,,,,
,,,,,PTG-ELS,7,,,,,,,,,,,,,,,,,,
,,,,,PTG-EMG,4,,,,,,,,,,,,,,,,,,
,,,,,PTG-GBE,5,,,,,,,,,,,,,,,,,,
,,,,,PTG-GRJ,7,,,,,,,,,,,,,,,,,,
,,,,,PTG-JNB,3,,,,,,,,,,,,,,,,,,
,,,,,PTG-KIM,4,,,,,,,,,,,,,,,,,,
,,,,,PTG-KPR,4,,,,,,,,,,,,,,,,,,
,,,,,PTG-MBE,5,,,,,,,,,,,,,,,,,,
,,,,,PTG-MSU,5,,,,,,,,,,,,,,,,,,
,,,,,PTG-MTS,5,,,,,,,,,,,,,,,,,,
,,,,,PTG-NCS,4,,,,,,,,,,,,,,,,,,
,,,,,PTG-NLP,4,,,,,,,,,,,,,,,,,,
,,,,,PTG-PLZ,7,,,,,,,,,,,,,,,,,,
,,,,,PTG-PTA,3,,,,,,,,,,,,,,,,,,
,,,,,PTG-PTG,1,,,,,,,,,,,,,,,,,,
,,,,,PTG-PZB,4,,,,,,,,,,,,,,,,,,
,,,,,PTG-VDB,4,,,,,,,,,,,,,,,,,,
,,,,,PTG-WDH,8,,,,,,,,,,,,,,,,,,
,,,,,PTG-WIR,4,,,,,,,,,,,,,,,,,,
,,,,,PZB-BFN,3,,,,,,,,,,,,,,,,,,
,,,,,PZB-CPT,5,,,,,,,,,,,,,,,,,,
,,,,,PZB-DUR,1,,,,,,,,,,,,,,,,,,
,,,,,PZB-ELS,5,,,,,,,,,,,,,,,,,,
,,,,,PZB-EMG,3,,,,,,,,,,,,,,,,,,
,,,,,PZB-GBE,6,,,,,,,,,,,,,,,,,,
,,,,,PZB-GRJ,6,,,,,,,,,,,,,,,,,,
,,,,,PZB-JNB,2,,,,,,,,,,,,,,,,,,
,,,,,PZB-KIM,4,,,,,,,,,,,,,,,,,,
,,,,,PZB-KPR,4,,,,,,,,,,,,,,,,,,
,,,,,PZB-MBE,5,,,,,,,,,,,,,,,,,,
,,,,,PZB-MSU,4,,,,,,,,,,,,,,,,,,
,,,,,PZB-MTS,5,,,,,,,,,,,,,,,,,,
,,,,,PZB-NCS,3,,,,,,,,,,,,,,,,,,
,,,,,PZB-NLP,4,,,,,,,,,,,,,,,,,,
,,,,,PZB-PLZ,6,,,,,,,,,,,,,,,,,,
,,,,,PZB-PTA,2,,,,,,,,,,,,,,,,,,
,,,,,PZB-PTG,4,,,,,,,,,,,,,,,,,,
,,,,,PZB-PZB,1,,,,,,,,,,,,,,,,,,
,,,,,PZB-VDB,4,,,,,,,,,,,,,,,,,,
,,,,,PZB-WDH,9,,,,,,,,,,,,,,,,,,
,,,,,PZB-WIR,4,,,,,,,,,,,,,,,,,,
,,,,,VDB-BFN,4,,,,,,,,,,,,,,,,,,
,,,,,VDB-CPT,6,,,,,,,,,,,,,,,,,,
,,,,,VDB-DUR,4,,,,,,,,,,,,,,,,,,
,,,,,VDB-ELS,7,,,,,,,,,,,,,,,,,,
,,,,,VDB-EMG,5,,,,,,,,,,,,,,,,,,
,,,,,VDB-GBE,5,,,,,,,,,,,,,,,,,,
,,,,,VDB-GRJ,7,,,,,,,,,,,,,,,,,,
,,,,,VDB-JNB,2,,,,,,,,,,,,,,,,,,
,,,,,VDB-KIM,4,,,,,,,,,,,,,,,,,,
,,,,,VDB-KPR,4,,,,,,,,,,,,,,,,,,
,,,,,VDB-MBE,5,,,,,,,,,,,,,,,,,,
,,,,,VDB-MSU,5,,,,,,,,,,,,,,,,,,
,,,,,VDB-MTS,5,,,,,,,,,,,,,,,,,,
,,,,,VDB-NCS,4,,,,,,,,,,,,,,,,,,
,,,,,VDB-NLP,4,,,,,,,,,,,,,,,,,,
,,,,,VDB-PLZ,7,,,,,,,,,,,,,,,,,,
,,,,,VDB-PTA,2,,,,,,,,,,,,,,,,,,
,,,,,VDB-PTG,4,,,,,,,,,,,,,,,,,,
,,,,,VDB-PZB,4,,,,,,,,,,,,,,,,,,
,,,,,VDB-VDB,1,,,,,,,,,,,,,,,,,,
,,,,,VDB-WDH,9,,,,,,,,,,,,,,,,,,
,,,,,VDB-WIR,4,,,,,,,,,,,,,,,,,,
,,,,,WDH-BFN,8,,,,,,,,,,,,,,,,,,
,,,,,WDH-CPT,9,,,,,,,,,,,,,,,,,,
,,,,,WDH-DUR,9,,,,,,,,,,,,,,,,,,
,,,,,WDH-ELS,9,,,,,,,,,,,,,,,,,,
,,,,,WDH-EMG,9,,,,,,,,,,,,,,,,,,
,,,,,WDH-GRJ,9,,,,,,,,,,,,,,,,,,
,,,,,WDH-JNB,7,,,,,,,,,,,,,,,,,,
,,,,,WDH-KIM,8,,,,,,,,,,,,,,,,,,
,,,,,WDH-KPR,8,,,,,,,,,,,,,,,,,,
,,,,,WDH-NCS,8,,,,,,,,,,,,,,,,,,
,,,,,WDH-NLP,8,,,,,,,,,,,,,,,,,,
,,,,,WDH-PLZ,9,,,,,,,,,,,,,,,,,,
,,,,,WDH-PTA,7,,,,,,,,,,,,,,,,,,
,,,,,WDH-PTG,8,,,,,,,,,,,,,,,,,,
,,,,,WDH-PZB,9,,,,,,,,,,,,,,,,,,
,,,,,WDH-VDB,9,,,,,,,,,,,,,,,,,,
,,,,,WDH-WIR,8,,,,,,,,,,,,,,,,,,
,,,,,WIR-BFN,4,,,,,,,,,,,,,,,,,,
,,,,,WIR-CPT,6,,,,,,,,,,,,,,,,,,
,,,,,WIR-DUR,4,,,,,,,,,,,,,,,,,,
,,,,,WIR-ELS,7,,,,,,,,,,,,,,,,,,
,,,,,WIR-EMG,5,,,,,,,,,,,,,,,,,,
,,,,,WIR-GBE,5,,,,,,,,,,,,,,,,,,
,,,,,WIR-GRJ,7,,,,,,,,,,,,,,,,,,
,,,,,WIR-JNB,2,,,,,,,,,,,,,,,,,,
,,,,,WIR-KIM,4,,,,,,,,,,,,,,,,,,
,,,,,WIR-KPR,3,,,,,,,,,,,,,,,,,,
,,,,,WIR-MBE,5,,,,,,,,,,,,,,,,,,
,,,,,WIR-MSU,5,,,,,,,,,,,,,,,,,,
,,,,,WIR-MTS,5,,,,,,,,,,,,,,,,,,
,,,,,WIR-NCS,4,,,,,,,,,,,,,,,,,,
,,,,,WIR-NLP,4,,,,,,,,,,,,,,,,,,
,,,,,WIR-PLZ,7,,,,,,,,,,,,,,,,,,
,,,,,WIR-PTA,2,,,,,,,,,,,,,,,,,,
,,,,,WIR-PTG,4,,,,,,,,,,,,,,,,,,
,,,,,WIR-PZB,4,,,,,,,,,,,,,,,,,,
,,,,,WIR-VDB,4,,,,,,,,,,,,,,,,,,
,,,,,WIR-WDH,8,,,,,,,,,,,,,,,,,,
,,,,,WIR-WIR,1,,,,,,,,,,,,,,,,,,
